,央行,定向,降准,靴子,落地,沪,指,高开低走,收盘,下跌
部门,联合,印发,进一步,深化,小微,企业,金融服务,意见
在岸,人民币,兑,美元,收创,2017,年,12,月,28,日,新低
分钟,开户,享,万,2.5,佣金,畅用,特色,功能
高端,付费,功能,限时,免费,体验,一键,试用
25,十大,名,博看,后市,大盘,涨,动,原因
李大霄,跌破,3000,点,审视,A股,市场
定向,降,准来,释放,7000,亿元,资金,A股,迎来,利好,反弹,先锋
定向,降准,落地,释放,7000,亿,流动性,重点,支持,债转股,撬动,5000,亿,社会,资金,股市,债市,受益,六大,关键,解读
降,准来,历次,央行,降准,股市,次日,涨幅
有人,预测,精准,威力,有人,纳闷,做,隐者
明日,预测
震荡,磨底,震
中国,股票,增发,债转股,CDR,各种各样,发,股票
西红柿,子,番茄,子,诚实,道歉
快乐,梦者,同行,大笑,大笑,大笑,江山,人才
走势,太,意外,昨天,预防针,剧本,写
A股,棒,不准,发
离开,证券,行业,感谢,20,万,粉丝,多年,支持
跌,劳资,配资,加,融资,买入,茅台,敬请,跌
文才,飞羊,裸,股,中,8888,蝈民,仗义,割,诱骗,陌生人,帐
几年,独角兽,江苏省,股票,发
请,股友,文才,飞羊,裸,股,中,888,国民,仗义,狗,畜,网红,西红柿,股票,帐
降准,7000,亿,做,空,跌
月,操作
傻,买,股票,买入,买入,买入,满仓,满仓,满仓
顽强,德国队,可惜,瑞典队,一分钟,守,不住,打平,傲,滴汗
盐罐,发虫,央,妈,吃力不讨好
孩子,体弱多病,稍,受,外界,环境,刺激,生病,孩子,长,漂亮,前途,防,风险
平仓,心碎,2018,年,月,19,日,持仓,两支,中,签股,外,满仓,跌停,市值
早餐,午餐,7.5,元,省,点,钱,买,股票,抽,两包,烟,三天,抽,两包,烟,股市,爱与恨
国民,獐蚁,割,媾,逮,客离,财,股,太,神泣,股,交流,平台,骗子,舞台,骗
股民,挺住
受,外围,影响,明天,2700,点,保卫战,重大胜利,后天,受,情绪,影响,2600,点,得而复失
真的,亏
股市,没本事,搞好,总,设计师,说,关掉,算了
希望
上证,大浪,级,分析
2638
历史,泰国,股市,关门,成交额,长期,低,弥
断头,大盘,意,创业,艰难,百战
周二,跌,2806,机会,留给,周三
跌,找,外部,原因,谈
主板,一月底,顶,本月,15,号,68,天,13,年,上半年
上联,越,抄,越,低底,难寻,求下联,求,横批
一朵花,香
班,王八蛋,天天,想着,股票,挣钱,挣钱,gjd,玩
搜刮,股市,完蛋
改变,借款,200,万,实盘,操盘,记录,今日,赢亏,4900,收盘,市值,14
有时候,生命,等待,忍耐,微笑
天源迪科,先导,智能,早上,卖,最低点,本来,打算,买,泰格,医药
股灾,几点,做,顶,次新股,有色,医药,白马,电器,股,酿酒,大幅,高快,跑
练字,练,依旧,模仿
熊,时期
降准,好像,套住,聪明
冲高,跑,死,佬,做,顶,次新股,有色,白酒,大幅,高快,跑
说,说,中国,股市,底部,告诉
年,80,万,炒到,12,万,炒股,实盘,记录,今日,赢亏,507
世界杯,参加,理解,美国,不想,参加,美中不足,田径赛,跑,不行
数字,江恩,等待,底部,最低点,确立
断头,煞,2800
亚厦,深度,解盘,未来,两,季度,2750,记住,收藏,月,月底,10,月
A股,月,警惕,剪羊毛,割,韭菜,风暴
50,不屎,大盘,50,不屎,大盘
央行,定向,降准,公布,第一天,大盘,探底,新一轮,暴跌,本月,考验,2700,点
脑壳,昏,平均,股价指数,月,K,创,股灾,收盘,新
股市,做,空,买,准
A股,疯狂,扩容,害死,好多
装个,B,骂,做梦
上市公司,10000,家,情况
妈
市场,弱,程度,给出,丑陋,K,线
心诚则灵,拜,拜,拜神,拜神,拜神,中,签,献花,献花,献花
喊,口号,四木,有用,不屑
投资者,惨,融资,吹牛,时代
钱全,炒,苹果,期货,股市,实体,经济,好坏
股民,强烈呼吁,管理层,半年,暂停,IPO,发行,赞,拜神,加油,加油
空仓,观望,上策,管住,手,赞,赞,赞
震荡,没赚,没赔,摊手
大声,告诉,月,26,日子,韭菜
炒股,傻子,换点,美元
里,真,有意思
西红柿,回复,建议,退出,小群,拉黑,獐蚁
公布,降准,0.5,百分点,市场化,债转股,第一天,大盘,死去活来,喋喋不休,不堪设想,风险
说,美国佬,加,两次,买,套
老乡,走,救,市
改变,借款,180,万,实盘,操盘,记录,今日,赢亏,2300,收盘,市值
好多,亏,太,惨,想,帮,一两名,超过,股市,血亏,走投无路,时间
利好,难以,挽救,股市,烂,根子,里,优秀,公司,选择,上市,估计
股指,期货,关,涨
央行,定向,降准,靴子,落地,沪,指,高开低走,收盘,下跌
部门,联合,印发,进一步,深化,小微,企业,金融服务,意见
在岸,人民币,兑,美元,收创,2017,年,12,月,28,日,新低
分钟,开户,享,万,2.5,佣金,畅用,特色,功能
高端,付费,功能,限时,免费,体验,一键,试用
25,十大,名,博看,后市,大盘,涨,动,原因
李大霄,跌破,3000,点,审视,A股,市场
定向,降,准来,释放,7000,亿元,资金,A股,迎来,利好,反弹,先锋
定向,降准,落地,释放,7000,亿,流动性,重点,支持,债转股,撬动,5000,亿,社会,资金,股市,债市,受益,六大,关键,解读
降,准来,历次,央行,降准,股市,次日,涨幅
有人,预测,精准,威力,有人,纳闷,做,隐者
明日,预测
震荡,磨底,震
中国,股票,增发,债转股,CDR,各种各样,发,股票
西红柿,子,番茄,子,诚实,道歉
快乐,梦者,同行,大笑,大笑,大笑,江山,人才
走势,太,意外,昨天,预防针,剧本,写
A股,棒,不准,发
离开,证券,行业,感谢,20,万,粉丝,多年,支持
跌,劳资,配资,加,融资,买入,茅台,敬请,跌
文才,飞羊,裸,股,中,8888,蝈民,仗义,割,诱骗,陌生人,帐
几年,独角兽,江苏省,股票,发
请,股友,文才,飞羊,裸,股,中,888,国民,仗义,狗,畜,网红,西红柿,股票,帐
降准,7000,亿,做,空,跌
月,操作
傻,买,股票,买入,买入,买入,满仓,满仓,满仓
顽强,德国队,可惜,瑞典队,一分钟,守,不住,打平,傲,滴汗
盐罐,发虫,央,妈,吃力不讨好
孩子,体弱多病,稍,受,外界,环境,刺激,生病,孩子,长,漂亮,前途,防,风险
平仓,心碎,2018,年,月,19,日,持仓,两支,中,签股,外,满仓,跌停,市值
早餐,午餐,7.5,元,省,点,钱,买,股票,抽,两包,烟,三天,抽,两包,烟,股市,爱与恨
国民,獐蚁,割,媾,逮,客离,财,股,太,神泣,股,交流,平台,骗子,舞台,骗
股民,挺住
受,外围,影响,明天,2700,点,保卫战,重大胜利,后天,受,情绪,影响,2600,点,得而复失
真的,亏
股市,没本事,搞好,总,设计师,说,关掉,算了
希望
上证,大浪,级,分析
2638
历史,泰国,股市,关门,成交额,长期,低,弥
断头,大盘,意,创业,艰难,百战
周二,跌,2806,机会,留给,周三
跌,找,外部,原因,谈
主板,一月底,顶,本月,15,号,68,天,13,年,上半年
上联,越,抄,越,低底,难寻,求下联,求,横批
一朵花,香
班,王八蛋,天天,想着,股票,挣钱,挣钱,gjd,玩
搜刮,股市,完蛋
改变,借款,200,万,实盘,操盘,记录,今日,赢亏,4900,收盘,市值,14
有时候,生命,等待,忍耐,微笑
天源迪科,先导,智能,早上,卖,最低点,本来,打算,买,泰格,医药
股灾,几点,做,顶,次新股,有色,医药,白马,电器,股,酿酒,大幅,高快,跑
练字,练,依旧,模仿
熊,时期
降准,好像,套住,聪明
冲高,跑,死,佬,做,顶,次新股,有色,白酒,大幅,高快,跑
说,说,中国,股市,底部,告诉
年,80,万,炒到,12,万,炒股,实盘,记录,今日,赢亏,507
世界杯,参加,理解,美国,不想,参加,美中不足,田径赛,跑,不行
数字,江恩,等待,底部,最低点,确立
断头,煞,2800
亚厦,深度,解盘,未来,两,季度,2750,记住,收藏,月,月底,10,月
A股,月,警惕,剪羊毛,割,韭菜,风暴
50,不屎,大盘,50,不屎,大盘
央行,定向,降准,公布,第一天,大盘,探底,新一轮,暴跌,本月,考验,2700,点
脑壳,昏,平均,股价指数,月,K,创,股灾,收盘,新
股市,做,空,买,准
A股,疯狂,扩容,害死,好多
装个,B,骂,做梦
上市公司,10000,家,情况
妈
市场,弱,程度,给出,丑陋,K,线
心诚则灵,拜,拜,拜神,拜神,拜神,中,签,献花,献花,献花
喊,口号,四木,有用,不屑
投资者,惨,融资,吹牛,时代
钱全,炒,苹果,期货,股市,实体,经济,好坏
股民,强烈呼吁,管理层,半年,暂停,IPO,发行,赞,拜神,加油,加油
空仓,观望,上策,管住,手,赞,赞,赞
震荡,没赚,没赔,摊手
大声,告诉,月,26,日子,韭菜
炒股,傻子,换点,美元
里,真,有意思
西红柿,回复,建议,退出,小群,拉黑,獐蚁
公布,降准,0.5,百分点,市场化,债转股,第一天,大盘,死去活来,喋喋不休,不堪设想,风险
说,美国佬,加,两次,买,套
老乡,走,救,市
改变,借款,180,万,实盘,操盘,记录,今日,赢亏,2300,收盘,市值
好多,亏,太,惨,想,帮,一两名,超过,股市,血亏,走投无路,时间
利好,难以,挽救,股市,烂,根子,里,优秀,公司,选择,上市,估计
股指,期货,关,涨
放心,跌,几百点,目测,超,999,点,概率,998,点,下跌,空间
新,手套,死,山顶,老手,操底,死,山腰,中,高手,磨死,底部,区域,熊市,玩,股
多地,限购,新规,不知,股市,影响
独角兽,带走,资金,流动,股,成交量,下降,成,死水,风吹草动,成,死水
抄,股,二十年,30,万左右,万,悲哀
买,符合,买点,没买,空仓,机会,卖
T,俨然,成,做,空,助长,器,投机,理由
记住,越,降准,越,跌
一年,万亿,减持,送死
跌死
暴跌,浪
老子,清仓,股票,明天,镇里,买,地造房,价格,县城,一半,卖不掉,送给,房者
根治,中国,股市,熊转,牛,一招
听到,独角兽,词,恶心
C,浪,下跌
3200,未来,两年,高点
供求,价格,股票,供给,太,购买,资金,太,少,上涨
日本,塞内加尔,这场,球,踢,一惊,乍,竞争,太,激烈,围观,围观,围观
建议,打新,赚,钱,用于,消费
事实证明,T,割,韭菜
护盘
30,万,两年,炒到,万,长长,说,傻,逼,字,勉励
暴跌,突破,新一轮,杀跌,刚刚开始
公司,股价,公司,企业形象,国家,股市,国家,形象
远离,股市,远离,毒品,远离,赌博,毒品,可怕
行情,犹豫,中
周,二千,股,跌停
想,买,股票,想,挣点,钱,错
上市公司,融资,款,买,房产
雄黄,底,大笑,大笑,大笑
本周,肯定,收,阳线,说
林浦,本周,展望,2600,点
虚,虚
明天,打响,2800,点,保卫战,长阴,未能,走成,k,线,利好,走,中,阴线
大盘,胚胎,底
乱图,乱画,一幅,上证指数,草稿,图,供,娱乐,玩笑
利好,改变,股指,运行,轨迹
老乡,走,N,次,翻拍
降准,滯涨
想,好好,爱,权利
刨,新股,点数,上证,1500,点
上证指数,谈,两点,第一,日,线,短线,期,延续,跌势,缩量
端午,假日,蓄势,节后,跳空,大跌
熊市,预底,愚蠢
找散,心情,老牛,卧雪,思思,春草
T,真的,制度,做,空,赚钱,更好
夹道欢迎,队伍,闪
复盘,上证指数,向上,一条,路
天天,调整,股市,有升,跌,升,10,点跌,30,点,也许,有升
呼吁,亿股,民,几亿,家属,拒绝,生活,必须品,外,消费
认同,大盘,站稳,说法,两天,出大,利好,下探
上证指数,月,反弹,创,次新股,风险,依旧
好多,亏,太,惨,股市,血亏,走投无路,有没有,发现,每次,买,跌,卖,涨
牛,最新,大盘,指标,大盘,量,趋势,方向,存盘,数据,验证,上传,提前,出局,躲避,仓
别急,金融,杠杆,杠杆,完,抄底,老乡,走,短期
写,四十首,诗词
明明,喜欢,眼中,想要,答案,总
想,想,想,想
央,妈,降准
2018,年,惨,大会,2017,年,提前,半年
轻言,反转
证金,公司,正经
山东,开,叉车,事,原因
明日,高开高,走
感到,出乎意料,意料之中
通达信,小盘股,板块,指数,880823,涨,0.33,大盘股,板块,指数,880821,跌
行情,兴奋
事先,预判,实盘,修正,灵活,多变,跑,赢,市,职业,股民,买,手痒,买,止损,出局
求下联,致远,行,稳
上证指数,周二,跳空,向下,突破,三千,点,整数,关口,二月份,预测,这轮,调整,跌破,三千,点
脸,电视,晃悠
美元,人民币,汇率,6.53,美元,人民币,升值,0.5,中国,经济
6.24,日,井冈山,根据地,后市,几个,研判
小米,上市,弄钱,雷军,90,亿,工资
未曾,长夜,痛哭,语,人生
师,不负,如来,不负,卿
李大霄,跌穿,3000,点,空头,陷阱,月,19,日,英大,证券,首席,经济学家,李大霄
马克思,造房,造好,房,经济
大盘,走,不好,千股,跌,梦
通达信,小盘股,880823,收盘,跳,缺口,上证,50,覆盖,线,乌云,盖,顶
通达信,小盘股,880823,收盘,跳,缺口,上证,50,覆盖,线,乌云,盖,顶
早晚,跌,2500
股,访谈,沈剑,市,把握,月,翻身,战
明日,大盘,开,日,线,展开,波,超跌,反弹,仔细,真,走,牛,至少,号,原因,懂得
远离,世界杯,远离,股市,远离,毒品
宁德,时代,40,多亿,买,理财产品,几个,上市,圈钱
查查,抛,股票
炒,亏了,埋怨,股市,股市,大跌,期间,炒出,百战百胜,战绩,炒,中国,石油,炒
金之福,湖底,计划,俗话说,老股民,死,抄底,路上,新,股民,高,抛,低吸,路上
痛爱,悲哀,哭,坚定,死,入市,满仓
消息,挺,天,好消息,跑,路
600807,回家,里,家里
港资,对冲,基金,做,空,50,指数,远离,观望,爱心,爱心,爱心
紧张
央行,定向,降准,下周,反弹,反弹,十天,均线,减仓,反弹,二十天,均线,清仓
东海,鹏,四月,清,雨,乍,晴,南山,当户,转,分明,柳絮,因风,惟有,葵花,日,倾
说,600806
股市,傻子,骗子,感觉,傻子,大笑,大笑,大笑
蓝筹股,倒下,牛市,永远,茅苔,王,粮液,腰折,主力,进场,反弹,不远
A股,钱,好赚,外资,疯狂,炒底,总算,被套
真不容易,培养,输家,算服
上证,指教,k,线,呈现,乌云,盖,顶,下跌,预示,近期,加速,下跌
忽悠,明天,关灯,吃,面
情绪,波动,局面,失控
股市,公司,科学,治理
高,开,低,走,T,弊端,宿命
转势,过程,万,唤始,时节,自然而然
行情,建议,少,进
T,买,跑不了,跑不了,明天,大幅,低开
股市,进,呼吁,公民,进,陷阱,有来无回,相互,转告,远离,股市
高,讲,股指,期贷,A股,指数,无关
破,3000
高开低走,T
消除,堰塞湖,需,一招
强烈要求,降,印花税
布局,下限,位,2762,俏皮,俏皮,俏皮
没人,说,熊市
惨,咯,进,明天,焖,煮
T,变态,交易,制度,上涨,一日游,下周一,跌
指数,加速,下跌
尾盘,下跌,买,明天,肯定,涨,赚,短线
经历,2008,股友,熊市,中,利好,消息,市场
上周五,砖家,说,大盘,止跌企稳
终于,发帖,静候,下半年,300,点,吃,肉,行情,股灾,苦于,禁,提醒,东隐
医药,白酒,倒,大盘
砖家,BB
市场,信心
算,微调,大笑,大笑,大笑,加油
熊市,空仓,观望
T,O,帖,很快
明天,反弹,绝望,中
本周,短线,满仓,点,走过,路过,错过
预期,利好,高开低走,后市
加息,经济过热,降准,经济,萎缩,经济,发展,手段,明说,缺钱,缺钱,缺,流动性,股票
抛盘,机构,信心,机构,引导,股市,向下
股市,雄鹰,破釜沉舟
老乡
空,观点,PK,降准,大盘,不涨反跌
新,楼盘,销售点,人声鼎沸,买房,尤如,买,白菜
股市,缓慢,下行,阶段,参考,2011,2014,走势,点位,买,错误
股市,政策,利好,指数,起不来
老九,谈,股,25,大盘,分析,冲高,回落
提出,几个,建议,股东,说,太狠,纷纷,反对
暴跌
珍爱,财富,远离,癌股,购置,房产
2018,年,开,新贴,平常,关键点,位,提示,老朋友
昨天,说,大盘,涨,谈谈
玩,降准,利好,跌,利好,赶紧
假设,千家,公司,持有,房产,2025,年,GDP160,万,难
市场,环境,稳定,赚钱,效应,时侯,技术,面,价值,基本面,有用,熊市,中
下周,2985,反弹,张扬

3000
短线,反弹,概率
明天,跳空,破,2836
笑死人,全球
经历,三年,下降,个股,三成,期望,底,想,说,股,跌,成
2638,破,中,美,贸易战,加刷,破,2000,先,1500,中,美,达,协议
波,调整,2600,点
吁,撤,印花,停,IPO,关,股指,期,禁,空,跑,入场,国家队
2018,25,大盘,支撑,2898,短线,反弹,底部,1512,创业板,成,下半年,唯一,支撑
A股,大盘,技术,分析,344,25,月,日,走势,研判
跌,真的,硬道理,无底洞
忽悠,忽悠
哀,莫大,心,死,一批,散套,一批,散割
主,声明,从今往后,次,发帖,改为,博客,发表,个人观点,互动,评论
端午节,端午,劫,大盘,狂跌,空仓,感同身受,亏
承认,熊市,熊市,操作
A股,中,中长期,投资,价,値,个股,占,超过,20
发现
鸡,年,早上,鸡叫,起床,跑步,入场,狗,年,晚上,狗叫,起床,赶紧,抄底,鸡,年,亏得
砸,盘,跳水,比赛
坑人,市场
放眼望去,百分之九十,股价,元,元,股票,占,一半,新股,上市,第一天
管生,养,钱,花
月,11,号,3220,缺口,底,压制,效果,大笑,月,16,号,提示,沪市,创业板
短线,机会,川,环,科技,300547,发布,业绩,预告,公司,预计,2018,年,月
上证,深市,双头,下跌,上证,创业板,上部,缺口,压顶,5000,亿,资金,突破,两,市
3500,高位,入门,买,基金,买,股票,半年,入错,时间,还好,20,万,输,万,回
大盘,跌,出屎,喜欢,大笑,大笑,大笑
周一,大盘,猜测,阴跌
轮,沪,深,两,市,反弹,跳空,缺口,异常,不屑,每周,一两个,证明,郭嘉队,力
大小,非,解禁,万亿,哈哈哈哈,哈哈哈,哈哈哈,哈哈哈
股市,杠杆,企业,上市,融资,加,杠杆,明白人,讲解
新股,破发,新股,破发,底
股,之中,显得,太,单薄,乏味,太,过露,角,高调,满腔热血,男儿
请教,O,装,B,能手,为啥,2300,点
拂袖,证,市场
明晚,加息,明晚,加息,火速,撤退,火速,撤退
师,粉丝,带来,惊喜
问,跌,完
说,硬,半小时
机构,考验,国家,耐心
股市,废,没药,救,成交量
空
利好,股市,下跌
利好,下周,股市,暴涨,大笑,大笑,大笑,大笑,大笑,大笑,终于,炒,底
强烈要求,执行,T,制度
甜
静静,等待,爆仓,潮,a,股,质押,率,高,吓人,股东,质押,式,减持,成风,爆,炸,一串,拔出,萝卜
金融,重置,拯救,世界,微笑
利好
收盘,新低
算,狠,早,盘,看着,跑
完,降准,利好,只管,半天,摊手,摊手
大盘,下跌,手中,深圳,惠城
稀释
降准,带来,利好
降准,钱,用于,债转股,懂,求解,债转股,股票,卖,买单
支持,发,大型,独角兽,指数,控制,1000,点,以内,风险
早上,发消息,下午,脸,说,贱,贱,大笑
601990,南京,证券,欢乐,海岸,进驻,讨论
前期,低点,2638,破
上半年,收官战,多头,绝杀
2830,点,上证指数,下跌,目标,极限,破掉,2800
懂为,大盘,跳水
寻找,躲起来,雨滴,小雨,回来,风,远远,地方,吹,好像,推,一朵
美国,买,做,空,沪,深,300,指数,ETF,今晚,涨
利好,高开高,走,操作,操作,上周
真,2638
上证指数,月,22,看空,危险,爆空,大幕,拉开
越,跌,赚
降准,周一,高开底,走,降,准,改变,贸易,摩擦,降,准,接,住,大小,非,解禁,降,准,接,住
老乡,走哇
上证,月,线,MACD,DIFF,线,跌破,值,发生,2011,年
降准,释放,7000,亿,资金,利好,市场,部份,投资人,误读,抛出,筹码,接,走,机
2837,点,有望,年内,低点,今日,带量,刺入,昨天,阴线,曙光,初现,K,线,形态,周末
交易日,月份,结束,建仓,机会
大盘,跌,2600,不知真假
大盘,差,大跌,子弹
天,热,股市,冷
胚胎,底
超,短线,技术,高,买,明天,卖,行情,入场
明天,破,2800,点
降准,利好,市场,不买账
明天,概率,低开,有个,买入,机会,小阳,后天,卖出
上证,50,跌,逾,权重,引领,本波,杀跌,创新,低,概率,事情
民间,资金,股市,跌跌,不休,进,赔钱,挣钱,效应,进,高房价,房市,越调,越
微跌,一点,慢慢来
有人,咆哮,2837,底,支撑,破
可悲
微幅,调整
买,三件,小翠,成本,万块,钱,河南,找,老乡,1.5,万,卖掉,月,吃喝,愁
抢占,先机,迎难而上,努力,建设,世界,独角兽,基地
入市,风险,投资,须,谨慎,逊,股民,听到,一句,话,莫过于,入市,风险
债转股,股市,利空
真的,外资,抄底,开,国际,通道,账户,自买,卖,毛估估
炒股,输
1863
周一,反弹,清仓,高,卖,机会,老乡,保重
下周一,百点,长阳,所有人,懵
周末,绘画,作品,一幅,山神
两次,降准,点位,上证,2449,百分之,0.5,1837,点,百分之,0.25
上证指数,均线,多头,排列,创业板,指数,18,层,地狱
不用,赖,赖,不用,猜,主力,大部分,个股,创,被套,盘,杀到,预定,低位,震荡,吃,止跌,拐头,上涨
周末,特别,无聊,武汉,天气,特,闷热,看着,窗户,外,滚滚,汉江,流水,刹那间,特,想
盘,口说,牛,逼,亏损,至少,之上
个股,连续,跌停,奥秘
男人,爱,够
傻,挣钱,套路,死抗,业绩,股,牛市,倍,啊啊啊
降准,房价,准升
债转股,扩容,新,方式
停贴,清仓,退出,空,后市,刻意,唱空,产生误解
补仓,蓝筹,白马,提供,能量,变相,供给,高空,运行,时间,成本,坐等
定向,降准,管理层,态度
明天,操作
下周,收复,3024,缺口,月,剑,指,3500
说,明天,涨,跌
老凤祥,张裕,同仁堂,金堂,郎,兴业银行,价值,投资
利好,高开,收盘,真的,市场,招想,3000,点,情况
痛苦,造就,非凡
大胆,预测,明天,大盘,反杀,小盘股,次新股,领跌,反杀,大盘,探底,做好
说,降准,带有,债转股,利空
本来,借钱,银行,银行,主队,百分之,10,最甜,一部分,多点,百分之,90,市场
明天,上午,减仓,机会,下跌,中继,接下去,懂
不屑,不屑,不屑,不屑,哼哼
中国,股市,2008,年,经历,美国,1929,年,时期
新华社,说,A股,具备,大幅,下跌,基础,A股,具备,大幅,上涨,基础,支持,点赞
第三次,降准,大盘,走
说,星期五,企跌,企稳,下星期,转向,失误,永远,发贴,验
总体,回到,价值,投资
下周,成交额,超过,降准,7000,亿
重仓,当代,东方,停牌,帮,股,感谢
大牛股
行情,插,阶段,下周,高潮,射,持续,疲软,高潮,好好,休息
太过分,新低,2600,点
希望,找到,高手,找到,A股,里,亏,高手,高手
周末,叔,打算,几十万,进场,劝,进场,打算,买,感觉,拯救
完,装,死,活过来,这回,诈尸
次,降准,改变,股市,远行,趋势
老乡,走,利好,路上
跌跌,晒晒,亏了,半年,百分之,40
机会,明天,加空,股指,期货,毛估估
坏消息,好消息
反弹,必输,反弹,大笑,大笑,大笑,加油,压住,加油,期货,压,懂,加油
建议,恶意,砸,盘,卖出,操作,入刑
不停,发,新股,利好,成,无源之水,无本之木,毫无用处,白白浪费
建议,关闭,中国,股市
韭菜,学,聪明,拉高,韭菜,出货,筹码,卖,国家队,机构,好样
小盘,低,市值,破,净,5.96
跟着,走,走,路
1500,亿,阴滴,找,底,大笑,大笑,大笑,加油
小跌,调整,中,跌,震荡,大跌,杠杆,暴跌,价值,回归,跌,一只,涨,结构性,牛市
明天,表演,技术,顺便,一句,老乡,走,利好,出货,良机,亏少
市盈率,分红,搞清楚
下周,闷,杀,做,空,股指,期货,坏蛋
买毒,角兽
利好,楼市,楼市,翻,一倍
满仓,抄底,暴涨,拜神,拜神,拜神
珍贵,全世界,剩,两株
砸,盘
太,给面,投资者,看清,趋势
月,25,日,预计,上证指数,跌破,2638.3,点,时间,风暴
大盘,探底,2600,2700,缓慢,回升,反弹,高点,估计,3300
上周五,红盘,周末,降准,预期,提前,预支
大盘,真,求
问,买,股票,做,慈善
税,第四次,改革,A股,长远,利好
股票投资,一门,线图,人性,概率,科学,理解,概念,入门,赚,赚,少,取决于,三个,单项,中,最短,一项
上当
二级,市场,分杯,羹,方向感,差,遗憾
国家队
好意思,2016,年,月,20,日,指数,报收,2860,点,2018,年
定向,降准,市场,机会,债券市场,股票市场,风险,未,解除,融资,困忧,市场
不用,明天,肯定,低,开,低,走
好久不见,这么久,发帖,要说,说,提示,说,够
大盘,2350,底
小米,香港,IPO,路演,雷军,豪言,小米,估值,应为,腾讯,加,苹果,市值
股市,逆,生长
家,公司,首发,江苏,紫金,商行,过会,新,隧道,智能,装备,否
股息,率,升至,100
再见,此人
明天,击穿,2800,月底,击穿,2500,大笑,大笑,大笑,大笑,大笑
暴跌,天,加息,嘭,结束
提前,大胆,预测,公布,2025,年,总,情况
线图,倒,牛市
2400
听,八大,机构,忽悠,骗,散户,买入,股票,底部,遥遥无期,深不见底,上演,全球
盘中,拉高,追涨,A股,具备,大涨,基础
中线,看跌,IPO,CDR,暂停,前提,之下,中线,熊途,漫漫,心存,幻想
2850,中长期,牛熊,分界线,明天,保卫战
独角兽,上市,引发,融资,规模,券商,很大,约,2700,7000,亿,之间
欧美,暴跌,明天,鸡毛
银行,券商,密集,上市,前期,富联药,明,康德,宁德,时代,吸金,数千亿,小米,保,百度,阿里,独角兽
三军,未,动,粮草先行,缩量,反弹,虚张声势,高,减仓,机会
下周,解禁,市值,增至,1326,亿元,破发,股,国泰君安,迎,巨量,解禁
废话,停,ipo,关,股指,期货
留,本金,没底,抄,便宜,贪,熊市,格言,最低,低
2638,点,抄底,成功,指数,涨,3480,点,涨,800,点,个股,巨,亏,一大,票人
温馨,提示,市场,熊出没,降准,块,肥肉,吃掉,注意安全
至少,星期,买,股
说,2400,点
五个,救,市,简单,低成本,方法
抄底,放心,跌
利好,出货,真的,吵
建议,远离,前期,强势股,补跌
上午,一粒,下午,一巴掌,牛
梅雨,来临,请,珍惜,酷热,前,凉爽,梅,入伏,只能,做,选择题,分熟
机构,投资人,市场,信心
降准,准降
房价,跌,2000,年,水平,牛市
养老金,入市,天天,跌
明天,2800,点,保卫战,2800,保,考验,2638
年,亏了,万,两年,总亏,万,有没有,惨
股灾,把握,反弹,节点
反弹,无量,人气,跌,无量,前途,忙忙,A股,几多,板斧
大盘,底,银行,关健,工行,4.1,元,大盘,底,工行,月,KDJ,顶背离,情况
玩,天天,跳水
昨天,涨,一点,跌
天,下跌,多久,涨回来
本周,破,二千,悬念
告诉,跌跌,不休,底,何方
新股,简单,增发,说,成本,键盘,敲敲,几千,亿
流动性,枯竭
降,准将,推,高房价,小额贷款,汇农,贷款,走,非正常,渠道,流入,房地产,房子
加把劲,癌指,怂成,ST
独角兽,吸血,新股,吸精
降准,走势,独角兽,战略,配基,忽悠,骗,模式,重复,哭
炒房,观念,中国,钱,卷,房市,里边
波,反弹,三天,开启,美丽,天使,女神,慧灭,股市,间,鞋,鹅
牛市,熊市
A股,底部,已现,买货
底部,区域,周一,反弹
资本,市场,唯一,利好,含糊,模棱两可,利好
不识货,货比货
支持,加大,新股,发行,力度,切实有效,提高,中签率
感觉,死马
月,跌,700,点
完蛋
均线,系统,向下,技术,形态,下降,通道,中,运营
动,跌,一个点,操,牛,逼
大盘,明天,何去何从
明天,跑
看好,14,年,杠杆,牛,阶段,杠杆,区间
不想,房地产,下跌,真的,房地产,加税,狠加,包括,房产税,证卷,市场,减
e,干,嘞,老乡,十块钱,走
不出所料,跳水,行情
1900,概率
再战,2800
惨成
可怕,明天,韭菜,到位,明天,新一轮,新低
进场,被套
烂,股,跳水,轮,绩优,蓝筹股,跳
抄底,抄底,抄底,错,被套,买,坚信,离底,不远
仙股,比例,百分之十五,哪是,牛市,行情,滴,大笑
躲过,3000,点,股灾,看热闹,飘过
跌,作对,散户,做,空,赚钱,创,新股,股票,连续
独角兽,可笑
机构,称,年内,降准,空间,25,15,17,来源,东方,财富网
定向,降准,杠杆,存,矛盾,何谈,资本,市场,带来,利好
建议,降低,证,交易,印花税,提高,市场,流动性
福利,微笑,微笑,微笑,微笑,大笑,永利,股份,超值,好票,净资
券商,降,杠杆,明天,一场,血雨腥风
盘,无奈,自言自语,底,深感,2870,点,明天,见到,278
妖股,环境,概率,特,停,语
明知,蠢,回家,打麻将
中国,牛,中国,股票市场,硬,支持,鼓掌,鼓掌,鼓掌
说好,利好,狗屎
跌破,2900,神经
人保,上市,亏,盼望,哭,哭,哭
凶险,走势
早,盘,前,猜,管住,手,赚
月线,季度,线,市场,自我调节,上证,好像,接近,一年,时间,2200,点,深
涨停,趋势,形态,不好,技术,分析,真的,有用吗
熊市,一期,绵绵不绝,下跌
美元,强势,人民币,贬值,预期,强,外资,纷纷,抛盘,钱,贬值,迅猛
补仓,通,吃
取消,印花税,红,利税,股市,止跌,否者,任何人,言,底,扯蛋
昨天,说,高开低走,站,保证,朵,小红花,大笑,大笑
2792,2846,指数,底部,区间
高开,聪明人,卖,聪明人,买,买,卖
真的
停止,包括,发行,新股,独角兽,在内,新股,发行,股市,本周,大盘,万劫不复
上证指数,连续,两个,跳空,缺口,高,减仓,等待,二次,探底
亿股,民
这辈子,错误,开,股票,账户,赚,点,小钱,感觉,健康,脉,资
佩服,李佳诚
强,利好,大幅,杀跌,市场,潜在,利空,贸易战
散,学,精,听,忽悠,一种
唯一,跌,两天,赞
打死,不减,印花税
致命,击,压垮,股市,天天,说,钱,天前,24,评论,关注,致命,击
一轮,调整,破,三千,点
本周,图,包含,周,月,K
出口,企业,上班,订单,锐减,工人,没活,做,贸易战,血淋淋
想,死,中国,资本,市场,高层,警惕,严查
真,无耻,至少,涨,闷,杀
奇葩
草,利好,利空,懂吗,下跌
盘,口说,神雾,环保,账面,浮亏
上证指数,2018,年,10,月,30,号,前,跌,1700,点
俄罗斯,世界杯,开赛
股市,真,底
草泥马,老子,服,清仓,告别,股市
牛,逼,利好,公告,入场,跑不掉
星期,跌,2600,发,新股
说话
套现,王,分众传媒,增股,成本价,3.36,元,股,106,亿股,解禁,增
大盘,反弹,无力,风险
银行,股,月,线,绿,波,破,2638
利好,保护,股民,A股,应,改成,T,100,股民,稳定,投资
几天,强式,股,大幅,补跌,鼓掌,鼓掌,鼓掌,补跌,完,献花,献花
价值,投资,笑话,50,全线,下跌
建议,股市,中,一次性,真,金白银,刺激,轻易,搞,搞,长效机制,引入,新,资金,生命力,确保,健康,稳定,发展
降准,套,新,股民
2800,保不住
反弹,逃命
一带,一路
天,热,夏天,股市,寒冷,冷风,嗖嗖
跌
市场,信心,空头,好事,赚,不到,钱,钱,赚
未来,几天,机会,危机
中国,国航,三次,大底,三元,大盘,底
指数,不好,说,涨停板,短线,资金,复苏
厉害,放水,救,告诉,救
不要脸,券商,股,几年,没护,盘
买,股票
今日,高开低走,绿盘,收盘
2017,年,月,24,号,人民币,贬值,13,元
大笑,A股,笑
坨,坨,2500,点
上市,业绩,个个,好好,业绩,一塌糊涂,交税
说,银行,便宜,银行,一点,动作,大盘,稳
资本,管控,特别,做,饿,资本,加大,惩罚,力度
没人来,救,市,救
想起,点秋香,里,华府,门外,惨,惨剧
房市,透支,居民,购买力,彻头彻尾,谎言,中国,房贷,余额,30,万亿,中
穿透,式,无底洞
利好,下跌,股市,熊得,特征
钱,韭菜,赞,赞,赞
坐,风云,逍遥,野客
大盘,差点,差,加速度,下跌,完美
股市,利好,出台,别怕
吹,利好,跌成,利好
2638,估计,破
風景
成交量,新低
妈,新股,一个月,降低,印花税,行,破,股市,咋玩
明天,破,2800,最迟,下周,破,2700,点
降准,大底,不知
大笑,前,星期,清仓,买,理财,稳当
跌,外围,才刚,跌,跌
美,期指,下跌,中,欧股,吓坏,开盘,普,跌
港股,破位,杀,创新,低
2018,年,好像,3587.03,点位,直奔,2005,年,998.23,点,确实
明日,绿油油
明天,大跌,新低,鼓掌,鼓掌,鼓掌,鼓掌,鼓掌,鼓掌,献
本来,大盘,2017,年,八月,前见底
中形,周期,长形,周期,攝动,超过,一周,2873,收盘,周,收盘,硖,破,令
市场,缺钱,货币,债市,火爆,缺钱,想,买,股票
大盘,高开低走
房产税,资金,流入,楼市
货,奔,路,百点,厉害,癌股
笼换,鸟,重启,牛市,赚
割肉,明天
端午节,上证指数,C3,第三,子浪,下跌,2871,点,C3,第四,子浪,反弹,29
大盘,真的,跌破,2000,点,大关
大跌,宽幅,震荡,短线,频繁,试错
沪,深,市场,估值,底,取决于,政策底,政策底,确认,估值,底,市场,底,显现,现
A股,积重难返,纠正,改变,上市公司,上市,目的,减持,分红,挂钩,退市,发行,并进
6.21,盘,分析
大盘,跌破,2000,点,爆仓,好玩,大笑,大笑,大笑,大笑
太,少,美团,持股,太,少,国贸,可惜,大黑
定向,降准,支持,中小企业,贷款,偷,进,股市
慌,下跌,受,外围,上涨,影响
说,大跌
老夫,空,仓,赢,80,股民,大笑,大笑,大笑,胜利,胜利,胜利
散户,跑
2018,年,西安,黑鲸祝,农历,狗,年,财运,滚滚,投资,获利,旺,财,旺,身体,旺
降准,不行,利好,银行,股,跌,市场,真弱
一场,刻骨铭心,疼,心碎,回首,炒股,日子,感觉,八个,字,倍受,煎熬,痛苦
建底
老乡,走,明天,跳,空高开
散户,团结
资本,市场,本意,资本,投资,投资者,投资,方式,获取,回报,投资者,市场
股票,实际上,赌博,玩,韭菜,主力,换,手法,主力,提前,跑,路
完,全,完
中国,引领,世界,上海,精神,发展
一说,大盘,2500,删帖
打爆,融资,盘,质押,盘,想象,为啥,制止,股指,期货,祸害
2837,点,底,大盘,二次,回落,确认
玩,股市,玩,世界杯,几率
等待,降准,出货,上周五,2800
成交量,上周五
赌,周末,降准
进,中国,股市,注定,悲惨,一生
上当,哭,晕,厕所
牛比,中国,股市
股票,分析,股票,分析,股票市场,赚钱,难,赚,二平,亏损,中国,股市
神仙,中国,股市,赚,钱,巴菲特,长,中国,早就,破产
离开,股
发,股票,偃塞湖,吓人
A股,具备,大幅,下跌
中,大盘,一月份,下跌,百分之二十,个股,腰斩
算是,真的,利空,出尽
几天,不见,西红柿,发帖子,平仓,股市
稳,稳稳,跌
利好,政策,挽留,不住,资金,金融监管,机构,明白,下跌,理由
大跌,可悲
股指,跌破,K,技术,支持,位,考验,2638
股市,终于,咬牙,割肉,清仓,终于,结束,炒股,几年,赔,钱,赔,时间,奉劝
妇联会,破
过份,空唱空,不明智,可取,本本,份份,听天由命
搬起,石头,胜利
推算,大盘,跌,2444,点,只能,炒,个股
关注,600130,消毒液
人民币,贬值,股市,涨
酒类,医药,类,个股,补跌,大盘,暂时,底
挨球,市场
小安子,差,太
股市,里里外外,杠杆,资金,打爆,仓,不算,完,架势
降准,治标不治本,暂停,Ipo,清退,ST,资金,撑,扩容,速度
降准,利好,跌,典型,熊市,特征
红色,板块,赚钱
想,骂人,困顿
真牛,逼
一句,话,增长势头,系统性,风险,情绪稳定,利好,买,股,赚钱
股市,得救
市场,远离
创,收盘,新低
中国,股市,救得
房市,热气球,面前,股市,暖风,显得,轻微,弱小
想,新闻,写
2600
国家队,支援
跌,郭,队,抄底
14.3,反弹,清仓,股票
老乡,走,版,大笑
中国,特色,股市
还好,早上,忍住
明天,精彩
降准,只能,短期,利多,中长期,利空,降准,等于,确认,市场,缺少,资金,事实
半年,退出,市场
反弹,跑,朋友
底部,2750,点
看透,叫唤,涨,两天,排,队,回来
周二,走势,预测
市场,赚钱,地方
蓝筹,趴窝,估计,创,本周,发力,七八,月份,一波
老乡,跑,具备,长期,大跌,基础
股指,期货,300,走,一模一样
肯,努力,目标,想,当初,2015,年,月,亏损,成,割肉,下半年,低点
想一想,不降,准,跌倒
受不了,玩意,迭戈,没完没了
办法,上帝,手杖,手
冷静,理性,看待,误读,持续,下跌,美妙,语句
融资,逃亡,107,亿,融资,盘,逃亡
暗无天日
耐心,等待,日,线,买入,条件
吃药,喝酒,家电,暴跌,腰斩,见底,高位,股,补跌,底
想,分红,被套,分,太,少
重不,上证,发帖,看空,2248
利好,出尽
赌场
炒股,有钱,炒,房,稳赚
说,持续,大跌,小跌,惊慌,小跌
总,听,专家,说,股市,涨跌,发,新股,无关,信,水池子,越,扩越,水,水位,会降
股市,天天见,新低,神奇,股市
艹,股灾,碰到
想,大盘,拉上去,资金,完,大盘,选择,向下
坑,挖,漂亮
告诉,熊市
绿水青山
A股,入摩,增量,资金,进场
美指,期货,大跌
猜猜,明天,跳空,低开,奔,降准,利好,吃,碗面,明天,想
空方,万吨,多方,一颗,小石头,不碎
天天,大盘股,股市,奇怪,咯
做,空,动能,衰竭
少,吹,点,牛,点,实,少,点,形式,点,真的
3000,点,成,历史性,高点,创造性
权重,品种,中阴,杀,创新,低
非,破,2681,股灾,最低,数,破,守,住,2681,点,中国,股市
出料
危险,临时,贪婪,机会,降临,时,恐惧,上证,里,整天,哭,爹,喊,娘,人概,远,山
击穿,2871,点,2638,点,企,稳
尼玛,股票,主力,买酒,投资,企业,账户,天天,亏,钱,2900
本周,加息
锤子,14.56,分上,翻,巧,早晚
房产,泡沫,不破,股市,之下,1000,点,茅房,破,预示,海啸,到来
个股,跌,20,估计,爆仓,排成,队
我己,抄底,百,微笑
盼望着,痛快,死,掉,想得美,木辣,不屑,不屑,不屑
天王,盖地,虎,宝塔,镇河,妖
中,利好,靴子,落地,假,靴子,脚,穿,味道,想
行情,走,真,指
老子,想,问问
上周,炒底,走势,健康,持股,鼓掌,鼓掌,鼓掌,献花,献花,献花
空仓,等待
上证,50,高位,下跌,拖累,大盘,下跌
恐慌,降准,钱,到位,低,部,确认,大便,大便,大便,大便,大便
明天,破,新低
股灾,股灾,股灾
去年,10,月,O,O,亿,种生,砸,盘
月,25,日,成功,抄底
放大,招,绝招
股市,大跌,银行,股,跳水,惹,祸
一周,两天,黑色,礼拜六,礼拜天
A股,不断创新,低,过程
跳水队,牛,逼,冠军
失守,3000,奔,2800,2800,照样,站不稳,独角兽,刚至,世界杯,尾随,章鱼,帝
2400
茅台,平安,万科,信服,康德,富联,吞噬,市场,元气
股市,雄鹰,太子,继位
鸡肋,行情
东财,一姐,擒,妖龙
第一次,跌,象,女孩子,摸,一下手,紧张,第二次,跌,象,摸,胸
醉鬼,趴下,妇联,破发,时,底
中国,股市
跌,大大的,戏
第一,保,汇率,保,房价,股市,前,两个,很大,压力,股市,只能,背锅
股,千载难逢,抄底,良机,眼前
货比,三千家,此股,低估
离不开
慌,利好,路上
准时,砸,盘
国家队,赶紧,救,市,救,市,爆仓
加油
创,收盘,新低
路上,全,明星
老乡,走,两,三次,降准,大笑
毒庄,操纵,股价,600130,马云,控股,大笑,大笑,大笑,大笑
简单,说,两句,别老,观念,大盘,总,想,利好,高开低走,中国,股市
怀念,十,连阳,日子
蛋,疼
为啥,大跌,新股,发,少,吵
A股,秘密,大小,非,解禁,流通股东,抢劫
上证指数,难看,2850,梦,也许,2850,低,追加,资金,留点,资金
雷市,故事,毁市,傻
量,上涨,耍流氓,周五,点,量,拉升
管好,手,IPO,不停,进场
红彤彤,老牛,逼,发,几只
捂紧,钱袋,耐心,等待,权重股,补跌
找,无人,熟识,远远
最低价,收盘
说
涅槃,重生,二十年,前,接触,股票,也许,天生,好赌,也许,生性,懒惰
事实证明,长期,熊市,跌
亏得,离婚
银子,玩,行不行
股指,期货,制造,股灾,来临
几天,成交量,图,1500,多亿,高
得救,明天,卖
说好,高开低走,信
连涨,两个,月,市值,倍增,満,仓,干,法师,第一波
谷会,双,杀,滴汗
发行,增发,发债,质押,跑,路
希望,未来
好多,追高
天大,利好,刺激,沪,指,今日,暴涨,30.42,胜利
降准,7000,亿,房价,涨
跌,酸爽
放,利好,走
尾盘,直线,拉升,明天,暴涨,抄底,待涨,胜利,胜利,胜利
做,空,人才,赚,钱
1800,抄底
创新,低
懂,走势
利好,新鲜,韭菜
别怕,微跌
昨日,央行,降准,释放,流动性,市场,不为所动,下行,收盘,下跌,各股,跌多涨少
倍,爽,大笑
信义,玻璃,868,买入,买入,买
每次,大盘,利好,割,韭菜,良机
2800,破,概率,大大增加,大盘,直奔,2650
众,筹,炒,房,兄弟
利好
午觉,睡,发现,闯鬼
原创,20180625
明天,上午,下跌
解忧,药酒
惊喜
跌,跌,新底,新底,量,越,缩越
26,oO,底
买,山东,高速,长城,H6,变,吉利,果断,清仓,提,回来,不卖,下变,五菱,庄,人性
一千个,亿,成交额,萎缩
撑不住
空仓,不好过
挖,大坑
小米,大米
说好,千股,跌停
石油,工商,快点
上证,50,下跌,戏
中国,股市
2800,点,保
有个,几把
尾盘,几钟,千股,跌停
鬼
A股,跌
防御性,上涨,没戏,市场,股民,利好,机构,不买账
爽,一堆,一堆,埋
狗腿,机构,太
南无阿弥,佗,佛
知足,港股,暴跌,400,点,29000
跌
大盘,明天,低,开,追进去,套牢,一点,套,牢
市场,明智
反弹,卖,经济,形势,不行
量,耍流氓
A股,底部,跌
股市,全世界
个股,走势,乱搞
跳水,功夫,超一流
中国,牛市,开起,开心
大跌
套,股民
证监会,副,主席,李超,称,证券,营业部,资本,市场,稳定,第一道,防线,自觉,担负起,维护,市场,稳
800,亿,外资,抄底,收,筹码,砸,盘
真的,太,刺激
受降,准,应响,A股,大跌
黎明前,黑暗
明摆着,赶尽杀绝
亏了,好几万,真的,够,离开,癌股,幸福生活
出台,新,政策,股东,原始股,只能,分红,减持,二级,市场,减持,只能
中国,股市,意见,很大,是因为,亏损
中国人民银行,月,日,存款,准备金率,0.5,百分点,市场化,债转股,利好,房地产,利,股市
2800,抄底
EARMUS,2018.6,16,预见,大盘,五个,交易日,大跌,6.25,日,下周一
前,低,2638,估计,破
世上,庄家,有庄,票票,宝
两,金,出货,小伞,能接,住,砸,碎屑,亏,失望,滴汗,困顿
醒醒,清仓,坐,风起云涌,接盘,成,接盘,侠,炒,底,炒,半山腰
四大,证券报,A股,具备,持续,大跌,基础,股市,运行,因素,并未,改变
股市,保护,投资者,前提,有钱
年,尘土,征衣
周一,上证,走势,预测,横盘,震荡
连续,下跌,人气,低迷
几天,K,线,搞,基,图形,大笑
沪,指,月线,向下,没底
明智,散户,忽悠
明天,直破,2800
空方,炮,中,下跌,空间
A股,威武,国,足,加油,世界杯,精彩
妹,利好,白搭
砸,盘,机构,查
惊,惊喜
降准,股市,不买账,大笑,大笑,大笑
上证,50,调整,利好,兑现,股指,震荡,下移,静待,市场,底
好好
病入膏肓,喝酒,吃药,房地产
实打实,收盘,创新,低,无良,媒体,瞎,BB,大笑
下跌,新,常态
小幅,波动,2900,得而复失
老乡,走,再割,两刀
市场,小幅,调整
降准,高开低走,早上,跑,尾盘,进点
高,拋低,吸
完,明天,跳空,低开,缺口
使劲,砸
明天,创新,低
妈,利好,跌
癌症,扩散,晚期,无药,救
空方,好像,没劲
单边,高开低走,行情,选股,能力
独角兽,股票,上涨,大盘,弱势,调整,资金不足,人气,低迷,连续,离场
早上,追高,咋办
跟踪,外资,操作,水平,很快,市场
跌,跌,跌,一步,跌,到位,死就死,爽,一点,跌,星期,跌,2100
利好,大跌
月,前,央视,交易,时间,女,嘉宾,说,技术,层面,股市,下跌
加息,涨起来
股指,期祸,股市,没好
卧槽,利好,刺激
惨,明天,更惨
股市,玩,块钱
预计,本周,破,1800
明天,千股,跌
期指,新低,干,漂亮
厉害,股,重仓,一只,股,天天,涨,涨,几分
终于,见底
完,希望
幕后,操控,砸,盘
本周,跌破,1800,点,爷爷,抄底
跌
自豪
小富,震旦
套路,屡试不爽
下跌,原因,恒指,拖累,大笑
学会,挤牙膏
大盘,风险,终于,越来越,3000,点,跌,2800,点
一层,地下室,地下室,暗河
中国,太,聪明
明天,专业,跳水队,表演,低,开,低,走
太牛,分,分钟,抢回,世界,第一,宝座,赞
二次,探底,跌幅,有限,上涨,概率,远大,下跌,割肉,意义,主力,忽悠
回,原形,降准,没用
套牢,一批
情绪,波动
50,跌,难看,50,刚刚开始,跌
新低,砖家,兽,说,不破不立
明天,加油,干
利好,涨,利空
醒醒,走势,真的,散户,朋友,好自为之
清仓,清仓,清仓
A股,改名,骗
稳住
技术,长期,探底,支撑,2400,点,嘀哩,嘀哩,俏皮
大癌,收盘,创新,低
明天,破,2800,明天,砸
赶紧,跌,2000,点,折磨
股,跌停
小米,港股,上市,成功,港股,搞
好样,埋,一堆,哈哈哈
先,做好,预判,市场,为准
反,反扑,周一,触,2926
真不知道,理由,留在
老乡,走
大盘,波动,行情,银行,利好,每次,大盘,大跌,时,每次,高,开,波动,向下
考验,2638
年初,跌,全球,最差,市场
股灾
坚定不移,加快,推进,中国,资本,市场,改革开放,阎庆民,副,主席,资本,市场,发展,高峰论坛
做,捉,资金,做,空,挣钱
停牌
失而复得
他妈的,叫嚣,牛市,他妈的,说,底部,套进去
明天,闷,杀
一个套,一双,套,一双,市场,遭殃,外资,傻子,投资,市场,逗
拿降,钱,用于,国企,债转股,法规,有用吗
国内形势,国际,压力,不利于,股票,做,学会,顺势,见好就收
韭菜,弃自,捧,手心,宠,幸着
A股,今日,入,摩入,局套,中,套
美好生活,响往,现实,股市,引导,制度,建设,正,走,正确,道路
盘中,量,畏缩,直睹,护盘,得不到,支持
独角兽,登场,毒割,韭菜,离场
跌,快点,使劲儿,雅,蝶
多杀多,明天,2800
剩下,18,万,三年,剩下,万多,雷
存量,资金,挑,板块,拉升,边拉边,撤,逃,存量,资金,越来越少,新股
图,决断,留,走
17,家,券商,拟,IPO,A股,因素,酿造,证券业,上市,年,统计,发现,处于,已过,未,发行,未
意料中,准
证监会,正式,发布,外商投资,证券公司,管理,办法,2018,年,月,29,日,40,来源,证监会,网站,编辑,东方,财富网
证监会,副,主席,阎庆民,日前,介绍,月底,我国,资本,市场,投资者,达,1.38,亿
新,常态,闪崩
目标,散
痛快,点,小米,下周,上市
有奖,竞猜,回答,B股,最高点,国内,开放
骗,一批,威武
利好,套,一批,好样
行情,总,绝望,处逢,新生,明天,中阳
降准,能涨,7000,亿,现金,留入,股市,追高,好惨
无量,下跌,可怕
ST,退,昆机,涨,业绩,股,跌,坨,屎,价值,投资
指,破,25,O0,点,走,晚
十年,原地踏步,天天,股灾
梦醒
二千,点,梦
好多,票,爆仓
底线
跳水,2638,点
抢反弹,下跌,专治,不服,不服,不行
特价,特价,2998,2698,998,韭菜
明天,惨
小盘股,底部,拒绝,下跌,创源,股份,英派斯,香山,股份,机会
股市,充满,欺骗
妈呀,利好,变,利空
股民,用脚,投票,大笑,大笑,大笑
银行,撑不住
阴跌,大笑,大笑,大笑
准降,久旱逢甘,霖
融资,盘,流出,107,亿元
没事,发,几个,股压,压惊
老乡,别跑,利好,跑,说,不让,跑
主力,操作,准确无误
大部分,个股,早,盘,闷,杀
昨天,听说,降准,利空,信,利空,大大的,利空
明天,大盘,跌停
14,54,中,石油,启动
打压,利好,昙花一现
茅台,三个,跌停,指数,底
GJD,砸,盘,跑,哭
同志,抛,货,离场
放水
收评,受降,准,利好,影响,今日,微调,诶,好像,太,诶
大盘,一路,溃败
砖家,说,利好
房市,只涨,跌
牛市,熊市,很明,抄底,死
千里
高
疯
预言,正确,碧绿,无限
风格,改成,钝刀,割肉
真,不行
没想到,降准,A股,无效,远水解不了近渴
热身,明天,晶晶,直线,跳水,表演
利好,抵挡,元,股,原始,限售,股,减持,股市,阴跌
强烈要求,停发,lPO
载舟覆舟,道理,市场,首要,目标,圈钱,融资
高价,低价股
酒,酒,酒,救救,救
好像,拉低,大盘,真,尼玛,垃圾
不到,钱,命,利好,情况,平仓,恨,恨,恨
表现,不好,明天,跌,二百,点
中国,股市,名副其实,跳水,大王
利好,公布,卖出
语,希望,失望,几次,绝望
牛
沪深股市,高开低走,小幅,下跌,创业板,尾市,翻红,新闻,早,播报
明天,解禁,股,800,亿,市值,需,市场,承接
买,股,买房,十年,3000
更好,鼓掌,赞
资金,炒房,炒股
楼市,拐头,下跌,股市,希望,没治
大笑,大笑,大笑,大笑,大笑,大笑,想,做,申万窑源
老乡,走,利好,涨,回来,骗
周五,抄底,今早,逃,对不起,国家,利好,明天,跌,时,抄底
熊,年,大盘
狼,入室,鸡毛
祸害,股民
珍爱,生命,远离,癌股
反复,探底
大盘,回天乏力,安,顺便
尾盘,参考,赞宇,科技
挣,小钱,周线,挣大钱,月,线,日,线,狗,牵出来
反弹
降准,支持,债转股,扩容
股,说,脏话,真,tm,想,骂人,大笑,大笑,底,预兆
少不了,舍不得,孩儿,套,不住,狼,一江春水向东流
帖子,发
做,空
说
炒股,十年,终于,放弃,明天,上班,七哥,说,股票,炒股,十年,亏损,十

量,进场,股市,太,可怕
加油,特色,A股
中国,股市,调整
放开,市场,开启,T,十,外面,市场,有人,A股
李大霄,跌穿,3000,点,世界末日,空头,陷阱
低,估值,个股,增多,A股,翻身,成,真
好似,外资,砸,盘
市场,信心
1600,点
中国,保回,A股,创,八年,IPO,估值,之争,百亿,融资,考验,市场,神经
本周,8500,点,阶段性,底部
大盘,向下,降准,利好
今日,指数,大幅,高开,震荡,收盘
死气,成成,救
完蛋,哀股
小跌,调整
救,赞
股,创出,600,日,新低
期指,创新,底,空头,持有,仓
妈,跳水
今早,出逃,感恩,主力,明天,下跌,抄底
多杀多
50,真的,病
明天,大跌,百分
收盘,指数,冷,冷一笑
量,泄气
套,自觉,举,手
大跌
期指,尾盘,持仓量,增加
指数,股,带头,砸,盘
70,年,孙子,烧纸,告诉,A股,4000,点,九泉之下,瞑目,哭
18,年,上半年,跌,15,年,股灾,厉害
老乡,走
大癌,股,地球,引力,利好,拉,不住
跌,利好,出净,变,利空
散户,机构,信心,利好,拉高,出货,机会,利好,脚,投票
中国,股市,信心
精彩绝伦
真,破,2800,银行,股,清仓,破,2800,进
市场,不听话,哭
工业,妇联,领跌
信心,金子,宝贵,兄弟,顶住
明天,大阳线
小跌
跌,干什么,天天,跌,熊市,末期,达成,看法
一部分,资金,农业,股,里,折腾,别急,死路一条
小盘股,筑底,买,小盘股,300528,603712
大盘,疯
跳水
救
亏损,补,请问,投资,A股,投,永远,投,告诉,后代,投,统计,中
反弹,已成定局
上午,冲高,回落,下午,冲高,反转
时间,两点,鸡毛
跌
股市,有个,李大嘴,楼市,有个,大炮
昨天,降准,加息
主力,利用,利好,割,韭菜,A股,癌变
典型,熊市,利好,无视,利空,放大
进场,资金,博
走势,行,游资,乱搞
股票,跌,出新,低,股指,高
神算,明,沪,指,下跌
看不懂,降准,走
精彩绝伦,两千,点
方向,改变,历史
万万,没想到
使劲,跌,tmd
降准,利好

救,市
利好,逃命,大笑,利好,配合,机构
微跌
明天,跳空,低开,好玩,月,线,中阴
明天,2700,好快,跌,2600
不错,2700,梦
两个,点,几分钟
兄弟,门,千点
世界,格局,风景,独好,健,健康,反正,环保
国家队,做,空
2857,守,不住,2000,点
市场,酝酿,第二次,千股,跌停,小心
想,2837,突破

入手
放心
银行,拉,盘,指望
反弹,市,加仓,不卖,希望,贪婪,支配
样子,空仓,万岁
钱,房子,涨
做,空,中国,境内,资金
2444,回,踩
利好,徒劳
告诉,早
快快,破
跌,星期
停发,新股,休养生息
调整,百分百,经济,金融,技术,图形,指导意义,散户
降准,等于,没准,市场,力,泡汤
真心,奇葩,市场
股市,雷锋,股市,骗子,大笑,大笑,大笑
中润,资源,复盘,错
股灾,嘈
好好,大便,大便,大便
有人,做,空
2783
释放,七千,亿,流动资金,股市,不见,资金
意外,2600,低,传统,不破不立,猜,底,没底,乱动,趴着,啥时候
阵,痛快,散户,几个,拉
否定
房地产,经济,增长,动力,离婚,需,摇号
飞流直下三千尺,疑,银河,落九天,连跌,天,李白,股神
杀跌
好笑
成交量,信心
胜利
大盘,拉稀,没完
赞,赞,赞,赞,赞,赞,赞,赞,赞,赞
底,救
中,阴线,主力,利好,出货
倾家荡产
明天,大跌,狗日,老子,满仓
准准,准,亏
想,亏,钱
高潮,射
套路
老乡,走,技术,调整
告别,股市
癌股,最低,低
假如能,T,市场,飞,信
完,顶不住,不买账
印花税,降降
可控,控控
大盘,空头,发散,后续,大跌
再创,本轮,调整,新低
喊,慢,牛,价值,投资,不见
一步,两步,滑板鞋,赞

看好,2850
中国,股市,底
远离,股市
明天,暴跌
明天,2800,探一,探,困惑
天龙,股份,603266,推进,区域性,布局,客户,公司,生产,基地,誉为,卫星,工厂
加,害
稳稳地,下跌,慢,牛,行情
大盘,不到,2350,点,建仓
股市,套路,深,利好,别当真
下跌,途中,反,抽,天,无量,创新,低
重挫
诡异,走势
跳水,表演
大宵,同志,破,鞋底
病入膏肓,无药,救
股灾
尴尬,哈哈哈哈,哈哈哈,哈哈哈
跌下来,砸,爆,质押,融资,股,越,跌,越,收场
50,跌,创业板,跌,创业,版,跌,50,砸,轮,跌
点位,横,大半年,真的,顶不住,两千
上午,买,套
快逃
a,啥时候,出点,人样
直破,2800,迈向,2350
砖家,机构,服务,少,听
每次,发,利好,套,从来不,机会
请问,上证,50,代表,国家队,拼命,砸,盘
利好,利空,跌,加仓,信不信,反正,信
银行,地产,疯
令,中国,骄傲,原油期货,大牛市
午休,回来
周五,上涨,发,新股
砸,盘,查,机构,股指,期货,对冲,散户,不行
财务报表,536,华映,科技,OLED,屏,130,亿,资产,现,市值,80,亿,低估,100,亿,增发,30,亿,原,24,补贴
立场坚定,持币,观看,专家,股神,大跌眼镜,群众,眼光,雪,高,雪亮,二千,七点
周,破,2800
股债,汇,杀
说,韭菜,买,中国,股票,哈哈哈,哈哈哈
中国,股市,真的,救
A股,底部
抱,幻想,今晚,降准,降息,一点,用处
7000,亿,沉
降准,降息,没用,股太
点,跳,准准
婴儿,低,最低,低
2800,破
拉稀
办法,降准,骗,一批,套
干,漂亮
股灾,股灾,股灾
降准,市场,不买账,主力,说了算
演绎,老乡,别跑,闹剧,大笑,大笑,大笑
孙子,期指,砸
两点,40,分,准时,跳水,姿势,要帅,动作
烂货
估值,期货,绑架,奇葩
不破不立,2500,点

股神,高开低走,赞,胜利,胜利,胜利
银行,暴跌
利好,赞,赞,赞
死,地板,撤退
散户,砸,股指,期货
人为,压盘
红,不屑
最迟,后天,新低
担心,大盘,很大,下跌,空间
厉害,套,一批
感觉,王者,荣耀,里,阿克,射手,感觉
说,散户,原因
鸡毛
尼玛,农业,想,作怪,农业,拉动,大盘
杀,杀,杀
股,债汇
远离,癌股,远离,毒品
恭喜,7000,亿,利好,迎来,缓跌
说好,利好
反弹,底,底,反弹,时机
跳水,有意思,傻,逼
明天,低开,爆跌,2700,点,牛,牛,牛,牛
露脸
莫慌,天天,小幅,震荡,俏皮,TM,跌,成,狗,摊手
跳
梦,颜色,绿色
黄河,一去不复,白云,千载,空,悠悠,股市,写照,难熬,日子
两,市,成交量,鬼话
跳水,姿势,10,分
跳水,时间,挺,准时,赞
砸,盘
泄
抓紧,买,明天,拉升
位,拉高,出货,别套
有望,跌破,2500,点
酷,跑,奔跑
下跌,放,大跌,没有支撑,力度,跌
不降
利好,降,利空,降,真的,缺,爹
破,2638
跳水,大家伙,坐稳,加油,加油
病入膏肓,采取措施,老乡,走,一轮,措施,市场,不卖,账
说,降准,套
位,拉高,出货,别套,位,拉高,出货,别套
大盘,指数,对齐,2016,年,月,24,日,明日,涨
大癌,跳水,大便,大便,大便
青山,依旧,绿水,长流
中信证券,砸,盘
癌股,萎,常山,产能,补补
跑,加速,下跌,股灾
天天,砸
开启,暴跌,模式,悬崖
上证指数,分时图,瞎,几把,乱,走
屁股,扶不起,阿斗
恶心,笑
马云,说,股市
抢降,准,SB
大盘,干脆,砸,900,点,股市,关门,重身
没加,仓
明天,2800
真,够呛,天天,跌,有意思
胡,指回到,1600,疮,指破,1000,放眼,长远,情况
2600
跌跌,涨涨,个股,妈带,沟里,痛快,点,跌,操
收割机
强烈建议,暂停,IPO,取消,印花税,实行
行情,降准,没用,降息,降,印花税
贺电,广发,惊天,拉板,券商,齐涨,救援军
依然,站,2900,2900,真的,弱,当回事
外资,拼命,跑,散户,拼命,进
股市,赚钱,效应,不好,美
不得人心,市场,散户,绝望,留恋,走,啥时候
不服,不行,踩,雷,他妈的,几个,跌停,后悔药,永远,踏入,中
2638,肯定,顶不住
降,印花税,关闭,股指,期货
微跌,收盘
大盘,跌停,见识,见识
打算,破,2780,创新,低
2015,年,股灾,反思,数万,亿股,民,交易,结算,资金
跳水,天天,跳,累,天天,泡水,里,红,屁股,上岸,太阳
股权,质押,债市,违约,杠杆,买房,恐怖
市场,预期,认同
利好,跌,百点
利好,刺激,病态,股市,嘴,喊,投资,投机,信心,人气
建行,银行,股,砸,盘
资金,终干,回到,1200,亿,爬,明天,开涨
跳水
明日,千股,跌停
2638,发,新股,2638,2780,低
想,问问
银行,完,快逃
姹,紫,胭红,春去,海市蜃楼,现,绿洲
投资,A股,怀疑,人生
告诉,秘密,熊,利好,公布,卖出
波,大跌,不屑,傲,不屑,傲,不屑,傲,不屑,钱,进
跳水,满分,胜利,胜利
利好,跑得慢,吃,肉
尾盘,操作
股灾
大盘,点位,1800,点
大盘,做,做,空,期货,指数,对冲
死心,故事
权重,板块,拖累,大盘,明天,估计,要护,大盘
赔,20,点,清仓,买房,买,回
底,反弹,反弹,底,专家,说
失血
神奇,两点
献花,昨天,大盘,涨,几十,点,跌,几十,点,想,告诉,位
利好,股市,关系,痛定思痛,全,卖,绝望,中,一点,慰藉,蝇,虫
沪,仑,通,大笑,大笑,大笑,加油,加油,放雪,加油
问底,何方,2018,旺旺,无精打采
鸡毛
张家港,股价,砍,6.4,元,买,挣,买,赢钱,献花,献花,献花
跳,大笑,大笑,大笑,傻,大发,虎,跳,大笑
走,走,走
暴跌,刚刚,拉开帷幕
负责,跌,负责,行
休息
大熊,红盘,时间,大便
利空,利好,中国,股市,下跌
太,元,股,限售,股,堰塞湖,万亿,资金,接盘,阴跌,向下
777777,鸡飞狗跳,地上,鸡毛,77777777,不破,2499,抄底
老乡,走,次次,上演,长此以往,颓废
心,难受,想,死,哭,哭,哭,哭,死
热烈祝贺

熊市,表现
磨刀霍霍,猪,羊
跳水,时间
A股,深藏不露
希望,尾盘,拉
跌

降准,股市,坏事,高价,房地产,好事
股市,键,康,平稳,运行
跌,真滴,理由,涨起来,理由,病态
股民,傻
下跌
2800,守,不住,降准,来时,韭菜,屎,光光
股,累人
星期,发,新股
权重,搭,不好,台,小票,想,唱,好戏
七千,亿,降准,解决,股市,解决,股市,里
跳水,跳水
赶紧,清仓,炒,房
赶紧,坑人
早,盘,抛,股票
2444
跳水,跳水
玩,有人,玩
完蛋,厉害,股市
诈骗,公司,太多科
跳
积弱,难,返
羡慕,钱,抄底,哥们,装,死,久
跌
股市,吸引,资金,胡说八道
买入,大盘,公式,2900,点,2870,点,昨天,大盘,底点,2837,少
自已,不争气,别怪,梅国,落井下石,不屑,下周,开市,微调,2900,点,赞
主力,诱空,上午,量,放大,下午,跳水,缩量,明天,低,开,高,走
隆重,推荐,一只,千里,挑一,金股
砸掉,3000,点,这块,遮羞布,新股,发不出,加油,干,主力,拜神
请,关门,癌股
2788
草,玩,埋,韭菜
说,买,赌球
砸,盘,敌对势力,护盘,全,仓,吃,进
拉高,跳水,拉高,跳水,拉高,跳水,看好,市场
想救,市能,救,拿出,干预,市场,10,精力,牛
预期,高,开,套,割,韭菜,利好,目的
散,炒,卖,表带,阿里巴巴,店铺,铭匠,科技,批,发表,进价,20
狗屎,行情
货币基金,限额,取出,股市,大部分,资金,股市,影响
完,跌,救救,哭,哭
大盘,跌势,高速公路,板块,砸,解铃还须系铃人
大盘,大跌,算,幸运
阻挡
无力回天
板块,打掩护,主力部队,撤
妙,招,半夜
明天,创新,低
进,估计,最少,套,两年,大笑,大笑,大笑
量,热点,信心
破,2600,点
跌
央行,降准,利好,银行,股,带头,大跌,一点,道理,恶意,做,空
个股,跌破,一千
关闭,真的,害怕,看盘,爹,钱,还给,玩
千点
无话可说
明天,探底
事情,降准,跌,2638,点
韭菜,根,割完
注重,融资,股市,希望
韭菜,割
尾盘,跳水
尾盘,国家,跳水队,登场
明天,暴跌,真稳,涨,跌
喜欢,泰戈尔,句,诗,世界,痛,吻,报之以,歌,颠倒,两个,字
反弹,期指,短线,诱空,暂,市值,超跌,反弹,结构性,行情
想,池子,里,水,抽干
时,长,太弱,无人,能救
机构,炒,降准,操,妈
低价股,下跌,空间,封杀,股市
100,点
晚餐,散户,下场
太,不争气,买,股,涨,大盘,跌
利好,逃命,大笑
股民,市场,信心
破,2638
鼓掌,鼓掌,鼓掌,鼓掌,鼓掌,鼓掌,鼓掌,鼓掌,鼓掌
回到,1800,RMb,美,元
不降,印花税,股市,完
歌,预测,反弹,低,补仓,2980,缺口,减仓
创新,低
闪崩,影响,银行,推测,银行,股撑,多久
市场,轻信,利好,轻信,利空
暂停,ipo,取消,印花税,希望,涨
喊,大盘,操盘手,漫步,涨,19,天,准准,准
美国,发来,贺电,大笑
病入膏肓,无药,救
猜中
大盘,微跌,晚上,吹,吹,进,鼓掌,鼓掌,鼓掌,千万别,上当
中储,恒科,中储,智运,央企,600787,分拆,上市,混改,重组,诚通,物流,整体,上市
老乡,走,差,分钟,走
赚,赚,赚,赚,司马懿,马哥,黎明,啼叫,军事,计算,喊
不割,更待何时,胜利,胜利,胜利,胜利,胜利,胜利,胜利
利好,成,收割,散户,机会
听说,股市,赚钱,来到,股市,真可怜,十年,心酸,十年,泪,十年,股市,真,疲惫
周,K,线,估计,要出,阴后,像样,反弹
转发,天堂,湖,上周五,发,大盘,趋势,点位
跳水
网络攻击,大笑,大笑,大笑
股民,降准,刺激,追高,股市,被套
炒股,哈哈哈,钱
周,指数,情况
能免则免,差,股民,税,关税,降,印花税,降,周,未,可否,降,印花税,刺激,利好,机构,抄底,券商,先知,广发,历史,大底,社保,养老金,重仓,券商,岂能,亏损,广发
未来,列强,贸易战,持续,百年,600278
股指,期货
股指,期货,打压
竞猜,跌,几百点,跌,天
股,重仓,买入
下午,2.3,分,跳水,表演
关停,股指,期货,禁止,做,空
股,全流通,新股,10,溢价,剩余,搞,成,元,股,原始股,减持
两,市,成交,2700,亿左右
请问,降准,银行,股,下跌,利好,银行,股,讲
拯救,哭
魔咒,二点
6.25,中国,股市,现状及,对策
大笔,买入
股,千载难逢,抄底,良机
国家队
股,今日,有望,低,开,高,走
想进,明天,好玩,大笑
万能,祖力,救救,可怜,韭菜,不屑
再也,做,a,股,批,唱空,控制,不住,激动,心,短期,被套
每次,反弹,逃跑,机会,下周,高点
美股,今晚,暴跌,明天,低开,破,2800
2018,爆发,全球,经济,金融危机,美国,世界,奉献,杰作
点,跳水,换成,涨
终于,明白,股市
利好,买入,卖,说,傻
终于,30,跳水
工商银行,SH601398,招商银行,SH600036,股,月线,高高的
欠,千股,涨停,换来,三天,普,涨,远远不够,陕西,金叶,两天,走势,符合,创
期盼,上证指数,跌,200,点
跳水
大盘,走,辛苦,真实,悲,催
14,30,跳水,2700,大笑,大笑
市场,空,分析,逃,趴下,观望,大空,看不出来
癌股
收摊
慢,牛
下午,跳水
债,股,想,欠,银行,钱,转,成,股份,银行,毛钱,一股
嗨,嗨,两点,醒醒
掉,25,点,101,天,指数
周一,高开低走,二点,跳水
周,行情,加仓,机会
十年,内上,3000
2638,点
混过去
老乡,别跑,晚上,利好,大笑
股市,一句,谚语,买,徒弟,卖,师傅,空仓,师爷,投资
醉
降准,脚,投票
掉,剩下,两千,点,往下掉,想,掉,成
两点,跳
2638,再见
不补,上次,跳空,缺口,不卖,尾盘,拉上去
下点,迷魂药,命题,埋
太,受伤
反弹,底
周一,绿
2784,点,逼,底,滴汗,滴汗,滴汗
散,接盘
放心,万科,北京,一家,诈骗,公司,恶意,操作,晚上,爷爷,实名制,举报
必死无疑,收盘
真牛,14,20,企,稳,进,一点,套
工业,差,好多,公司,没事,做,美的,几个,上班,想
铡刀,落下,前
大盘走势,真,娘,几次,过山车
做,空,模式,做,位,1600,点
时刻,30,砸,盘,少,买点,明天,卖
量
救
历史,证明,创业板,持续,走,牛,底,50,300,凉快
预备,跳
想,等待,降准,金,抬轿子
成功,套,明天,收割
药,救
ZG,足球
癌股,迎来,掘,反弹,哈哈哈
跑,兄弟,新低,节奏,真,反弹,德行,跑
市场,长眠,期,逃命
快撤,加油,加油,加油
下午,快速,探底,回升,说,市场,强势,市场

喝完,酒,吃药
下降,通道,一日游,因素,害怕
14,大盘,死
拉,护盘,50,创,完蛋
癌股,涨,看不起
上攻,乏力,无量,危险
散户,死心,骗,进场,大笑,大笑
事情,说,三遍,股市,融资,投资,赚钱,操股
甩,散户,尾盘,爆
2500,点

上当,上当,买
开,几年,拖拉机,舅舅,非,进城,汽车,4S店,应聘,经理,语
平仓,高,质押,垃级,公司,破产,退市,免得,祸害,股民
抄底,抄底,抄底
天津,华联,中国,第一批,股份公司,不让,上市
中兴通讯,历史,低点
搬起,石头砸,脚
人心,散
涨,哭,哭,哭
人工呼吸,电击
次新股,表现,强力,拉升
价值,股,砸,盘
大盘,无量,杀跌,状态
脸
下行,通道,说
A股,市场,国企,垄断,概念股,酒业,腐败,概念股,扶摇直上,股票,跌跌,不休,散
跳水,提前,套路,深
利好,套人,食骨
发行价,股价,A股,市场,推行,健康,发展,方向,恶意,高,叫卖,违者
装
A股,真弱,利好,半个,小时,行情
无量,寿佛
不到,2500,买,股,哈哈哈
肯定,红,放心
抄底
一点,愤怒,感觉
砸,盘,创新,低,见证,奇迹
收盘,上证,肯定,翻红,个股,始终,屎,绿
跪求,拉升,拜神,拜神,拜神,拜神,拜神,拜神,拉升
上周五,拉回去,大笑
轻,感冒,治,元气,耗尽,玩完
雙,贏
2800
降准,密切相关,板块,跌
稳定,跌,不骗,散户
收盘,消息,A股,受,恒生指数,影响,小幅,回调
国家队,出手
明天,跳空,低,开,肯定,胜利
涨,时,跌,时,股,巿,经济,促进作用,管理
好多,股票,成交量,几十万,量,缩成,跌,真,尼玛,没意思
利好,暴跌,真的,玩
明后天,跌,买点,急
2468,底,买,股票
中牛,集团

2.3,跳水,比赛
科技股,经济,发展,硬道理,酒囊饭袋,不行,美国股市
涨,卖,跑得快,减仓,减仓,减仓,减仓,减仓
成交量,底气
下午,两点,懂
下跌,体现,股市,独特性,个性,外加,任性,下跌,更好,三者
小站,2810,终点站,2630
耐心,等待,2000,点,历史,中途,大底
全仓,买入,钱
买涨,买,跌,朋友,天天,买,跌,天天,赚
忽悠,成交,咋玩
心慌慌,技术
降准,下跌,中继,点,方向,未改,明日,向下,突破,击穿,2850
利好,无动于衷
放水,放水,真的,利,股市
机构,疯狂,发表,空方,言论,抄底
中国,股市,涨起来,疲软
三大,指数,高开低走,震荡,探底,收盘,小幅,收跌,2900,点,得而复失,成交量,低,糜,点
看不懂,空仓,没事
每次,反,抽,逃命,机会,暴跌
性幻想,美女
两点
随便,放点量,千股,跌停
远离,护盘,50,拥抱,创
21,号,阴,锤子
毛病
降准,降旗
卖血,救,市,千万别,股市,归零,赞,赞,赞,赞,赞,赞
大盘,指,综合,指标,个股,个股,走,走
中国,股市,绞肉机
夺去,反正,一无所有
下个月,目标,2500
昙花一现,明天,赞
降,印花税
独角兽,威力,强大,港股,跌,出翔
涨,卖,毛病
假,指数,没用,跑
受不了
终于,发现,有大,资金,做,空,市场,赚钱,做,散户,死翘翘,抗议,取消,融券
中国,股市,积重难返
股市,天天,大跌,骂娘
小跌,调整,中,跌,震荡,大跌,杠杆,暴跌,价值,回归,跌,一只,涨,结构性,牛市
降,印花税,三大,理由,社保,重仓,券商,亏,急需,拉升,券商,提,股市,信心,印花税,千亿,收入,时期,调节,股市,事半功倍
洗,一手,牌
降准,利好,房地产,消息,利空,癌症
股市,缺乏,流动性
毒角兽,估值,高,熊市,生存环境
券商,迎,重磅,利好,探索,股市,交易,税费,改革,国际,接轨,减免,亏损,帐户,税收,盈利,纳税,显,公平,小心,近期,广发,证券,公告,资本,市场,战略,大跃进,真是太,神奇,外资,灵敏,嗅觉
18,年
股,股价,低估,现价,买入
股市,预测,无人,超越,货色
跌
牛市
市场,资金,涨
抢救
救,市,用钱,只能,起到,延缓,作用,治病,治,根
守住,发生,系统性,金融风险,底线
骗,入场,全军覆灭,大笑,大笑,大笑
五十元,跌,五元,二十元,跌,二元,十元,跌,一元,五元,股,跌,退市
银行,股,一月份,跌,他妈的,垃圾
跌,1000,点
跑,崩盘
妈,垃圾
天天,防,风险,风险,闪崩,减持,套现,享受,人生,股东,提款机
三大,期指,同步,跳水,秀
搞,股票,跌下来,搞
癌股,真,丢人
砸,点,成交量,没人,买,股市,大笑,大笑,大笑
缩量,缩量,明天,上涨
端午,庄田
天,热,为啥,天天,洗澡,大笑,大笑,大笑,卫生,工作,干,不错,大笑
空仓,休息,几个,月,股,买入
买空,A股,市场,帮,下单,5000,手
人员,恶,做剧,市场,信心,大小,资金,全线,撤资
想,指数,上证,50,成分股,筛选,垃圾,踢出去
徘徊,孤单,中,坚强,受伤,闪,泪光,总,赌赢,希望
长,牛,慢,牛,明明,疯熊
老乡,别跑,利好
抄底,抄底,机不可失,失不再来
上午,买,点,补仓,下午,骗
中国,股市,成,股民,伤心
成交量,放大,进场
明白,央行,降准,银行,砸,盘
哭,哭,哭,哭,哭,哭,哭,哭
跌跌,不休,市场,无人,进,房地产
降准,债转股,债转股,不行,说,个股,目标,破,俩
养老金,进场,进场,调整,结束
哥哥,救救,玩
关注,提前,2224,力士,年底,量产,150,艘,智能,无人,潜水器
机会,买套
股市,预期,排队,500,家,一家,至少,市值,50,亿,2.5,万亿,资金,遇上,核
刚一,抛空,跳
猜错,下午,跳水
感觉,2831,底
股市,救
狗屎,行情,一泻千里
三大,期指,同步,跳水
走势,加息
股指,期货,挣钱,太,放空,安心,不用
回光返照
池子,越做越,水位,能涨
下午,杀跌,上午,力度,肯定,跌
实在,太,垃圾
跌,1800,点,牛
末日,狂欢
狗日,砸,盘
积弱,难,反
半年,指数,步入,时代,去年,12,月,20,号,预测,大盘,行情,不好
上周,大盘,判断,完全正确,操作,建议,下周一,走势
A股,笑话,草
跑
2500
人心,散,市场,乱,砸,盘,拉,盘,难
房产,倒,赞,赞,赞,赞,赞,赞,难,勃起,想,想
降,救
放水,救,大盘,骗,散户
赶紧,拉,证券,股,大盘,危夷
中国,股市,牛,逼
跌
一种,涨停,股,手里,股
天天,卖,跌,几毛,几分,买
能耐,涨,瞎,逼,逼,跌,东西,站
2000,保卫战
崩
放空,银行,国家队,千股,跌停,局面
游资,天天,乱搞,个股
吃完饭,有劲,跳水,冠军,杠杠,滴
争端,先自,罚,三杯
大盘,不领情,跌,破坏,股市
住,大伙
喝酒,吃药,可惜,大烟,抽
病,轻
速效,救心丸,无效,小时,溃
大盘,跌,践踏
降准,说,利好,跌成,语
成交量,围观,围观,围观,围观
狗,砸,盘
下午,表演,跳水
回光返照,化疗
早上,高,买,悲,催
2700,招手
板块,轮换,杀跌,利好,拉高,出货,制造,条件
趋势,成型,1800,点
杀跌
刹,不住,车,赶紧,砸,盘,使劲,砸
创,企稳,大盘,进一步,下跌
吓死,反弹,抢
北上,资金,终于,醒悟,正,卖出,跑,路,真,市场
亏成,狗
股市,两年,新,芝士
跌,2000,点,算了,玩意
跌法,少有
星期,最少,绿,四天,....,跌,几个,点,涨,零点,几能,垃圾,点
特么,投资,市场,绞肉机,股民,钱,快速,缩水
小时,看盘,加,负号,颜色,变绿
来学,一首,诗,竹石,咬定青山不放松,立根原,破岩,中,千磨,万击,坚劲,任尔,东西,南
玩,对冲
育苗,韭菜,很快,生长
真,办法
确实,受,外围,冲击,大笑,大笑,大笑
沪,股通,深,股,通通,通成,砸,盘,急先锋
肉,大盘,狂,杀,大盘
尾盘,跳水

国家队,接,利好,保存实力,2300,救
大癌,股,真,救
上证,50,砸,盘
套,消费
银行,股,垃圾,带动,大盘,反绿
预计,下半场,千古,跌停,二次,降准,百股,跌停,经常出现,非,短
降准
尾盘,急跌,急涨
2200,底,字,慢慢,割,韭菜
干柴烈火,套现
砸,盘
熊,解
市场,天天,跌
霉股
哈哈哈哈,爱,998,点
跑,跑,兄弟
疯狂,抄底,时期
上午,收割,一批,韭菜
买,套,信,试试
菜,收割,利,好似,浮云
降准,救,主力,调仓,换,股,主力,换好,拉升
估值,跌破,2600,迎来,机遇
股指,期货,真狠
跳水,比赛,垃圾,股市
不到,1800,上证,健康
不服
指数,高开低走,小幅,下跌,2900,点,得而复失
概率,横盘,震荡,一段时间,杀跌
无论如何,砸,盘,降,印花税
跌,涨,缩量,可想而知
老乡,别跑
资金,流出,破,百亿,明天
降准,股市,关系,利好,楼市,卖,股,买,楼
银行,股,垃圾,盘,囗,太,下跌,成风
股市,救
506,中润,资源,下午,天,地板,加油,加油,献花,献花,献花
缩量,底
速度,降准
雪景,带走,留下,没用,渣,渣,大笑,大笑,大笑,加油
老乡,故事,讲完,跑
量,推上去,炒股
杀跌
成交量,有望,下探,大笑
买房,放贷
降准,等于,发,新股,5000,亿
拿出,改革,牛,勇气
垃圾,股市,大笑
裸奔,作,死,路上
降准,收割
上证,绿,上证,绿,上涨,绿,完,中小板,绿,中小板,绿,中小板,绿,完,创业板,绿,创业板,绿,创
流
跌,烂
美股,跌,跟着,跌,港股,跌,跟着,跌,厉害,太,主见
大盘,下午,拉稀,当心,下午,买入
多年,两千多,点,房价,升,十几倍,垃圾
a,股,过分,利好,全,出货,利空,猛,跌,股灾
融券,砸,一千点,大笑
莫忘,201415,改革,牛
散,消灭,韭菜,接盘,机构,伤害,砸,盘,跳水
只能,说,GAME,OVER
周末,降准,利好,跌
股市
贵州,茅台,补跌,跌,透,底
厉害
市场,弱,家
港股,日经,跳水
预期,中,高开低走,估计,猜,股票,猜,下跌,个个,股神
降准,降税,股市,冲高,被套,得以,出货,最终,越往,完,2800
降准,更好,做,空
散民,进看,拉,散民,2000,点
盘面,太,妖
利好,涨,吃屎,跌,拉稀
早晚,崩盘,补,900,点,缺口
关,股指,期货
下跌,中继,破,2600
撤退
记住,赚钱,资金,想尽办法,地方,中国,股市,赚钱
市场,磨灭,散户,意志,下跌,时间,长,半年,休息,世界杯
完,完,忘,天朝,利好,利空
技术,形态,下降,通道,贸易战,因素,先,躲,远,点,防范,市场,风险,重中之重
沪,指,下跌,加速,中,上午,全仓,出货,休息,半年,被套,小散,大户
股市,救,永远,不让,解套,变本加厉,套,钱
跌,太
7000,亿,望梅止渴
不到,2700,不进
散户,头脑发热,追高,买进,飞蛾扑火,当天,套
走,参与,玩
玩,一套
不降,还好,降,房价,要涨,纷纷,卖,股,炒,房
天天,开盘,涨,下午,跌,涨,涨,起码,不套
跳水
下跌,途中,慢慢,买,千万别,急
癌股,病入膏肓,恨不得,咬,一口,肉
漂亮
跳水,时间,运动员
手痒,中招
中国,股市,10,点,专家,风险,回调
可惜,A股,做,空,后果,懂
暴风雨
砸,使劲
成交量,涨
跌倒,刹,不住,车
求,大跌
跳,加油
跳水
鼓掌
套路,玩,三次,没人信,a,股玩,一百次,次次,有人,上当
降准,7000,亿,撼动,市场,天天,降准,未必,暴风雨,即将来临
单边,趺,市
2822,非补,不行
大笑,大笑,大笑,大笑,大笑
苏,格拉,底
做,空,挣钱,垃圾,市场
加大,流动性
肯定,炒,房子,提前,买房,90
支持,几天,折腾
崩盘
诶,说

妹,天天,跌
搞,死,大盘,去死吧
先,跌,2600
起底,拉升,展现,实力,表演
两点,跳水,表演,做
李大霄,说话,唱,跑
A股,跌,1000,点,暴富
跳水,预料之中,事
啥事,不服,服,中国,股市
老天,长,眼
梦,失望
发,利好,路路,GJ,队行
A股,真,奇葩,利好,利空,跳水
降,准救,大盘,降,印花税
真的,厉害
老乡,利好,请,走
证监会,须,关闭,股指,期货
股指,期货,图形
降准,不行
跳水
两点,大跳水,鼓掌,鼓掌,鼓掌,鼓掌,鼓掌
降准,跌
股市,钱,跑,炒楼

降准,没用,无救
钱,跑,买房,涨
太,伤心,经历
跳水,空仓,空仓,空仓,空仓,空仓,空仓,空仓,空仓,空仓
救,市
情绪,跌,哈哈哈哈,哈哈哈哈
市场,成,散沙,逃命
吸取教训,急死你
卖,真蠢,大盘,底部
被扣
上当,骗子
股指,期货
近期,调整,受,外围,影响,哈哈哈哈
A股,风险,抄底,需谨慎,拜神,拜神
买入
外资,跑,抄底
股市,抽血,会上
茅台,红,牛,逼
2788
老乡,韭菜,利好,上当
做,空
有种,反弹,拉红
股市,完
股,一半,拖,一半,起哄,一半,懂,一半,大神,剩下,点,算命先生
股市,玩
A股,高开低走
做,空,A股,一步,祝贺,美股
昨天,说,高开低走,人才
问,韭菜,服
事实证明,每次,利好,出货,机会,把握,事儿
跌,几十,点,毫不含糊,喝,凉水,简单,散户,撤

庄,狗,屎,坚强
利好
成功,套住,一大批,老乡
药都,救
好事,大盘股,跌,小盘股,还好
砸,盘,做,空,砸,低,骗回,筹码
尾盘,翻红
只能,2600,组织,第一道,防线
猜中,下跌,加速,不要脸
癌股,白扯
超涨,稀烂,蓝筹股,砸,盘,坚定,持有,超跌,绩优股
鸟样
中证,金,砸,盘,大盘,灾难性
取消,过时,印花税,重复,征收,红,利税
炒股,败家
跳水,死,傻,逼
加速,赶底,大盘,跌,10,点
谁谁谁,吼,两句,利好,利好,韭菜,成熟,收割
做,空,指数,赚钱
套路,早上,下午,套
市场,散
上周,跌,没什么,起色,高开低走,真的,死,里,套
干编,一律
做,T,市,开心,特么,做,T
一枚
五日,线,回不来,洗洗,睡
美股,月,K,线图,A股
2638,点
成交量,砸
套,年,一大批,股民,退出,死
反对,断崖,式,下跌
7.5,日,钱,早
积弱,难,反
永远,走
早,说,没药,医的
诱,骗人
永远,底,超,多年,炒股,经验,熊势,无数次,新低,炒
两点
2700
预备,预备,跳
7000,亿,大笑
扛,回,卖,股市,批,韭菜,跑,3000,兴奋
二点,哭,哭,哭,哭,哭,哭,哭
指望,A股
可怜,冲着,降准,今早,追高,散户,拜神,拜神
A股,风向标,招行,平安,走势,大跌
恐慌
发,帖子,证明,活着
降准,掩护,庄,出货
天天,托住,房价,天天,杠杆,矛盾,想,资金,成本,下降,房地产,减值,增值,回归,住,属性,资金,成本,企业,有钱赚
2018,乳业,新,预计,乳业,涨价,皇氏,集团,2329,乳业,区域,龙头,发展,增长,参与,万达,私有化,爆发
点,大跳水
火车,跑得快,全,车头,说,真的,一点,没错
降准,没用,外资,猛于,虎,放进来,洪水猛兽,砸,盘,股灾,底,破
二胎,低,大笑
下跌,中继,跑,下跌,中继,跑,下跌,中继
股债,汇,杀,漂亮
去年,月,朋友,炒股,钱,买房,5000,平方,西安,笑,股票,亏损
跌,曹,尼玛,998,点跌
逃命,两点,估计,千古,跌停
超级,熊
下跌,趋势,利好,阻止,2638,点,进发,跌破,2638,点,每次,利
跌,H股,明天,跌,美股
每次,高开低走,只能,证明,底部,天天,低,开,低,走
两点钟,止跌,拉升,总,踩踏,事件
进,一批,套,一批,外围,市场,散户,心,凉,凉
明天,闷,杀
救,赶紧,闪
买
温水,煮,青蛙
慢,牛
记住,白酒,酱油,崩盘,大盘,肯定
服
幅度,太小

A股,买,倒霉
定向,降准,抵不过,无休止,融资,浪潮
下跌
连阴,周
老乡,走,跌,太
降,不住,股灾
傻,钱,买买,买
想,拉,券商,拉,涨停,能耐,拉
跳水,提前,撒
大盘,跌,上瘾
抢劫,式,调仓,换,股,洗盘,超跌,低,估值,绩优股,坚定,持有,筹码,风格,转换,时
恐怖,2000,招手,兴奋
降准,救得,大癌,股
中毒,太,深,中国,股市

降准,利好,出货,出逃,资金,流向,房地产
加油,2638,狂奔
真不知道,算,行情,天天,套人,天天,新低
癌症,晚期,激素,治疗,枉然
涨,完蛋
击穿,2800,言底
买房,买,A股,八辈子,霉
股票,疯
资金,买房
放,利好,入套
语
聪明,超短,早上,利好,出货,利好,出尽,表,利空,没错
利空,利空
希望,反弹,跑,路,事
暴风雨,猛烈
买买,买
黑色星期
真实,版,老乡,走
凶多吉少
金盆洗手
不买账
下午,股市,银行,钱,取出,换成,美元,欧元,黄金
阴包,阳,哈哈哈哈
真的,救,降准,剂量,太小
取消,股指,期货,取消,融资,融券,玩玩
跌
降点,印花税
人兽,阴行,新股,辣鸡,股,买
散,持有,一点点,股票,机构,股东,相比,零头
提前,压盘,反拉,打劫,式,洗盘,抢筹
今晚,美股,哀鸿遍野
A股,病,跌,心惊胆寒
辉煌,A股,一群,散户,挣扎,中
想,骂人
老乡,走,利好,加油
真
飞流直下三千尺,跌,2500
暴跌
2008,年,入市,指数,3000,点,上市公司,1800,家,十年,指数
完,玩完
日,狗,买,跌
友情,提示,十七八年,买,股票,懂,大笑
高开低走
千股,跌停,胜利,胜利
股债,双,杀
拉稀
跳水,大赛
利好,利好,利好,套现,利好,割,韭菜
救
创新,低
总归
恐慌,杀,兴奋
砸,盘
救,市
改变,大跌,牲,星期,破,2800,板上钉钉,拭目以待
周线,月,线,破位,显示,下跌,中段,乐观
垃圾,无比
服服帖帖,困惑,困惑,困惑
无量,终于,玩完
北上,资金
午后,千股,跌停
厉害,a
大笑,大笑,千股,跌停,新股,抽血,大笑
天天,戴绿帽
天天,套路,他妈的,主力
一波,厉害
国家队,砸,盘
资金,撤,炒房,买,美股
跳水,收盘
2800,险
工行,建行,两个,烂货,砸,盘
跳水
上证,50,砸,盘,信心
想,资金,成本,下降,房地产,减值,增值,回归,住,属性,资金,成本,企业,有钱赚
醉
kan
估计,回天之力,朽木不可雕
至少,30,点
亏了,股市,表现,有种,快感,跌
明天,暴跌
跳水,比赛,鼓掌,鼓掌,鼓掌,鼓掌,鼓掌,鼓掌
倒霉,总归,散户
行情,机构,卖出,小户,买入
牛,鼓掌
二胎,低
一地,鸡毛,爱
不服,跌,服
利好,出货,高,开,卖出,典型,熊市,特征
病入膏肓,命
跌下去,跌,忽悠
真,出息
信心,市场,时间,打磨,没指望
套,一批
亿万,股票,希望,事,发生
大盘,创新,低
中国,股市,骂,不为过
高开低走,群人,追高
熊市,利好,出货
投资,股市,几颗,果树,再见,股友
真心,希望,千股,跌停
入,股市,想,熔断
割,操,妈,这回,祖宗,炒,认
说,利好,老乡,走
跳水,股灾
消息,消息,好消息,坏消息,市场,统统,向下,走,完结
暂停,IPO,停止,全流通
入,a,股,深似,海,回头,钱包,空
跌,死,没完没了,无休无止
股市,太,伤心,跑,玩
市场,信任,放水,美刀,涨,崩溃,时间
老电影,台词,进,出不去,大笑
股指,期货,裸,做,空
说,笑话,中国,股市
高台跳水,表演
搞,闪崩,股会,越来越,原因,缺少,接盘,资金
指数,小涨,小跌,格局,大盘,走势,追,股票,等待,拉,回,购买
下午,千古,跌停
百分之,90,想到,高开低走,想到
拐,拐,卖,卖,拐卖
一声,叹息
一句,老乡,走,道,股民,悲哀
放水,淹死,韭菜,定向,放水,只不过,幌子,利好,股
停发,新股
韭菜,割,一茬,一茬,长,太
玩命,跌,股市,牛,逼
一头,栽下去,没冒,半点,水泡,真,操蛋
威武,霸气,侧漏,威风凛凛,冠绝,天下,亏,亏,亏
止不住,下跌,趋势
A股,碰,碰,讹
走势,哭,哭,哭
无可救药
港股,29000,保,悬
喝酒,行情,跑,哭
硬撑
降,准救,股市,下午,大跌
卖,证券,股票,证卷,股票,业绩,盘子,太,不值钱,股票
跳水,节奏
尼玛,够,跌
老乡,走,滴汗,滴汗,滴汗
国家队
2700,2540,底部,区域
二点,大跳水,跑
说好,长阳,忽悠,割肉,今天上午,买进,一泻千里
跑得快
波,收割
涨,几天,跌
不管怎么,开盘,低,走
跌,跌,跌
干柴,需,烈火
拉,券商,股,证券,股拉,涨停,国家队
2638,很快
脱,坑,脱,坑,脱,坑
蓝筹股,垃圾
下午,跌,吐
高开低走,泻
下午,一层,看吧
支持,鼓掌,鼓掌,鼓掌,买,鼓掌,鼓掌,鼓掌
a,股,拯救
有意思,留住,2800
崩崩,崩崩,崩崩,崩
忽悠,做,空
弱,一逼,逃跑
a,股,走,股指,期货,说了算
股灾,常态,化,跑的快,钱
大盘,涨,涨,券商
垃圾,大盘,弱,爆,利好,利空
完
老乡,走,利好
蓝,天
真该,降,印花税,实在,顶不住
一潭死水,大笑,大笑,大笑
A股,威武,告诫,股民,进,套
谁谁谁,对不起,太,高估
字,跑,二个,字,跑,三个,字,赶紧,跑,明天,国泰君安,带领,大盘,创新,低
大盘,跳水,跑
老毛病
期货,空单,空空空
事实,事,雄辩,辣鸡,市场,一看
说,高开低走,预判,正确
2500,破
股民,没用,跑,股票,卖出,永不,回来
千古,跌停
恶心
崩塌,如山倒
下跌
接近,50,点,期现,差,小心,小心,小心,做,空,资金,借助,外力,刻意,打压
tmd,真,垃圾,天天,跌
天天,跳水,干旱
千股,下跌
波,千股,跌停
中国,癌股
昨晚,喊,涨停,傻,逼,报,保证
2800,畜牲,市场
早上,涨
跌跌,不休
一年到头,跳水,垃圾,市场
跳水,咯,高开低走,垃圾,a,股
A股,死,远离,A股,珍惜,生命
任性
哈哈哈,大跌,同志,砸,盘
先,两个,星期,猴市,反弹,一轮,阴跌
大盘,走低,仙,股,进发,哭
清仓,暴仓,不进
股东,减持,加,独角兽,圈钱,解决,股市,完蛋,A股,资金,风险意识
套路
砸,盘,时间,提前,狗屎,主力
A股,真牛,逼
地量,地价
量,利好,老乡,别跑
银行,股,走
股指,期货,砸,盘
深跌,反弹,可怕
恒指,崩,演
沪,指,股灾,低点,2638,难,撑住,估计,下落,2200
砸,盘,要死
两百,点,下降,幅度
3000,点将,年,顶
股市,太,可怕
黑色,周一
2638
30,分钟,反弹,结束,真的,弱
明,两天,跌破,2800
行情,破位,反弹,赶紧,走
998,998,卖,998
跳,玄
目标,2500,最低,2000
股市,距离,崩盘,不远
A股,千变万化
尿性
跑,大跌

跌,意料,之内
跳水,收盘,破,2800,点
出货,出点,不错,利好,懂
空仓,赚,无为,胜,A股,状态
股指,欺祸,做,空,股灾
没完没了
反弹,结束,没事,烧纸
场面,大伙,慌,兴奋
月,翻身
中国,股市,死
跳水
真拉风
跳水,跳水
七千,亿,降准,不买账,哭,哭,哭
跌,不错,努力,恐慌,盘,杀
小伞,识,透透,不好,忽悠
股指,期货,下发,力,取缔,发国难财,股指,期货
高开低走,未来,大跌,2638
跳水
高台跳水
癌股
股市,隐患,股价,高位,长期,护盘,权重股,倒下,后果,不堪设想
管住,手,没买,欣赏
股指,绿油油,绿油油
300647,2909,有望,成,反弹,龙头,2909
大跌,止不住
回事,跳水
第一道,金牌,急,啥子,大笑,大笑,大笑
满仓,山西,证券,京东,概念
满仓,京东,概念,山西,证券,半年,15
降准,韭菜,变,聪明
热门,新股,工业,富联,制造,超级,大笑话
利好,A股,起作,熊途,漫漫,底
应验,中国,股市,永远,利好,可言,利好,黑,机构,坑害,股民,大好时机
围,不足道,利好,加重,明天,开盘,冲高,套人,走势
发,新股,红
白马股,大幅,杀跌
重磅,降准,高开低走,当日,次日,收割,韭菜
下跌
点,跳水
利空
跳水
跌,养老金,亏空,死
利好,农业
降低,交易税,休养生息,制止,股东,套现,减持,广发,股民,听,不上,14,元,基把,吃,卖房,买入
大盘,缩量,调整,实为,蓄势,涨,昨日,大盘,缩量,调整,主力,砸,盘,出货,震荡,调
20180526,未来,一年,死,持有,股票,找死,大灾,大治,上演,资管,新
习惯性,下跌
跌
关闭,恶意,做,空,股指,期货
信誉
午后,游资,忙,换仓,清仓,钢煤,买,券商,广发,证券,冲顶,涨
连续,十几个,交易日,资金,净,流出,看着办
熊市,中,利好,哭
降准,利好,银行,股
跳水,跳水
上海,市场,缺少,妖股
不降,准,大跌
全,老套路
做,账,妈帝,想,前
量
下午,砸,盘,触发,熔断,机制,大笑,大笑,大笑,大笑,大笑
想,想,想,说,买,踩,空
量,萎缩,跌
明天,跌
2300
做,次,新,创业,强势股,反弹,弃,做
20
前,两年,A股,经历,太,奇迹,跌停,跌停,跌倒,历史,新低
完蛋,棍子,抡
说,说,上话,说,半年,过年,弄弄,过年,前,还来
北上,资金,撤
利好,涨,点
做好,跳水
跳水
OK,下午,拉,加油
老乡,走,下午,反弹,最迟,明天,鼓掌
请问,银行,病,韭菜,好吃,不能不要,猥琐,大胆,一点,跌下去
下跌,散户,小心
降准,7000,亿,没点,真的,救
量,跌
没生气,股市
可恶,股指,期货,打压
说,T,送,钱
老乡,走,拉
不争气,点,阳刚之气
利好
吃,相
太弱,跌
2.3,陆续,上演,跳水,赞,赞,赞
预感,一会儿,绿
早,盘,进场,上当
降准,跌多涨少
A股,股指,期货,带领,不知,方向
反弹,清仓,等待
一厢情愿,想,提前,10,天,抄降,准金,低点,抬轿子,赚钱
下跌,原因
跳水
老乡,跑,上当
利好,勾引,散户,先,垫,点,钱,买点,股票,行情
早日,脱,坑
成交量,太,少
预计,收跌,30,点
买,卖,赚钱
跳水,表演,跑
酒业,股,倒,入场,做
空仓,赚,上个星期
股市,走,个人感觉,基本面
利好,大盘,高开低走,量
连续,股灾,中国,股民,成熟,发,利好,机构,拉高,出货,散户,满仓,接盘,散户,聪明,机构,拉
高开低走,套,一批,跳水,一批,明天,低开,一批
收盘,绿
波,贸易战,杠杆,不知,回到,2400,点
抄底,抄,错
A股,正,惊天,变化,50,100,亿,市值,股,锐减,一半,一大,波,僵尸,股,逼近,22,22
降准,支持,债转股,股票,相当于,扩容
降,印花税,救,被套,机构,赚了钱,外面,挥霍
惯性,惯力,想,杀,车,组合拳,难
弱不禁风,市场
永远,政策,市
做,空,a,真,随便,砸,权重股,恐慌
骗子,行骗
降准,不好
交易额
入市,需谨慎
饕餮,盛宴,菜,哈哈哈
鸡,狗,说,利好,涨起来,大笑,大笑,大笑,大笑
债转股,鼓励,企业,乱七八糟,搞
跌,快点,跌
7000,亿,改变,颓势
T,买,明天,低
利好,砸,盘,不要脸
降准,利好,利好,减少,供给,股票,规模,下跌,本质,原因
服气,A股,环保
老乡,走
下午,跳水,比赛
红,亏,亏,亏
跑的快,跑
高开低走
散,最终,难逃一死

跑,路,就别,想
韭菜,上当
机构,基金,持续,出货,骗,继续下去,卖,进,火坑,想
那句话,月,号,老子,拍,拉升,吊销执照,700
好样
老乡,走,利好
高,开,利好,机会,把握,自找麻烦
1000,亿,以内
转势,月初
股改,改,全流通,发股,溢价,发行,10,少
新股
利好,拉不动,指数,利空,释放,完
每次,利好,成,出货,时机
猛烈,下跌,救,市,失败
跌,利好,大跌,股市,杀灭,散户,节奏
股指,期货,t,加,股票,t,加
连续,30,分钟,跑
放水,跳水,看好,叼,毛
永别,3000,点,股市,拜拜
呼吁,关闭,期指,停发,新股,实行,T,O
前半天,上涨,缩量,下午,阿门
装,抄裆
放心,破,2800,周,破,2800
走,玩,一点
28,多时,送,大礼
大笑话

A股,一只,无形,手,控制,涨,涨,跌,跌
盈利,尚好,股息,率较,高,股票,喜欢,涨

大盘,红,手里,票票,涨,分,分,搞,毛,赞

回刺,2638,点,钱,回避
A股,暴涨,李大霄,牛市,2015,年,11,月,日,21,49,来源,东方,财
走势,不好,减仓,明天,好受
股市,停
拉拉,点,人气
中,字头,砸,盘
银行,券商,权重,板块,拖累,大盘
拉,涨停,迪斯尼,概念,600630,拉
垃圾,货,中国,造,胜利
申通,快递,机构,爆仓,杀,跌停板
md,跳水,中国,股市,跳水,发射
点,崩盘
堰塞湖,解决,解禁,洪水泛滥,解
跳,水,表演
散户,心,死,利好,缩量,涨
悲观,情绪,无记,拉高,引诱,观望,轻易,买入
压,跌
收盘,时,专家,发表,A股,香港,股票,影响,下跌
翻身,月,号,释放,钱
资金,留守,儿童,玩
关,害人
下午,爆仓,模式,降准,月份,事,市场,钱
明天
a,股,太,丢人
草,没完没了,跌,做,空
哈哈哈,老乡,别跑,降准,老乡,别跑,胜利,胜利,胜利
省油,路段,停车
拯救,A股
垃圾股,涨,绩优股,跌,好事
扭扭捏捏,搞,流产,憋着
表演,技术
十五,滴,月亮
大盘,2600
天,发帖,说,债转股,利空,帖,被删,准唱,不准,讲,真话,歪理
小米,百度,CDR,路上,乌云,凝聚,黑暗,时刻,到来
老乡,走
招商银行,平安保险,权重股,开启,长期,下跌,路,年底,再见
外资,买买,买,埋伏,内资,拉升
说,涨,下跌,砸,盘,砸,累,横盘,歇,砸,整爆,仓
大势已去,趋势,难,更改
缩量,极致,杀跌,动能,割,动
神奇,两点
想,吃饺子,买,韭菜
跳,跳
资金,流出,耶
砸,盘
炒,恒生指数,算了,至少,买涨,买,跌
涨
六月,末,紧张,小心,点
七千,亿,砸,不见,浪花
跌,就行了,车别,装逼
跳水
周一,跳水
2600,点,底部,2200
暴,逃命要紧
经济,不知,筑,底,不妥,熬,有钱,买房,买,股
2850
绿,亏,亏
解释
说,说,昨天,央行,降准,大盘
流动性,无疑,资金,热点,补血,房地产,涨,买房,需
跟着,美国股市,邯郸学步
午,评
利好,妈,头,跌下来
大盘,表现,股民,信心
大盘,两次,探底,2837,点,考验
跳水
逊,老乡,走
利好,卵,摊手
暴裂,无声
快活,胜利
请问,高,开,砸,盘,可耻
老乡,走,忍住,亏,亏,亏
巳,经有,冲进去,跌
无药,救
下降,通道,点位,专套,江湖,郎中,高手
A股,真熊,漫长,熊市,何时休
房价,涨
投资,理念,颠覆,传统,投资,理念
厉害,加油
阴气,重,除湿
大盘,惊弓之鸟,一点,风吹草动,一泻千里
尾,狗
红,亏,亏,亏
绿,亏,亏,亏
反弹,外资,跑,大跌,外资,抄底,瞎,玩,俏皮
下午,G,概念,爆发,微笑
散户,脚,投票
拉稀
股民,惨,永远,趴着
阴跌,阶段,好自为之,自求多福
权重股,拉,拼命,砸,维稳
次,跌跌,不休
股市,赚钱,效应,亏,钱,再敢,人气,低迷,买,亏,支
国家队,躲起来,指望,散户,冲锋陷阵,赞
证券,进,博物馆
脸,打脸,鼓掌,鼓掌,鼓掌,鼓掌,鼓掌,献花,献花,献花,啪
丑陋
炒,新,操新
汇率,再度,暴跌,月,2638,点
离岸,人民币,疯狂,涨
收,2871,点
跳水,赶紧,跑
触发,熔断,大于,1.5,想,想,想,想,想
跳
多头,死,跌势
月,横笛,兵败如山倒,中线,低点,2300
活着
大盘,逼迫,2638
量,无量,假
利好
拉稀
2638,加油
力推,蓝筹
下午,跌,100,点
逃命,机会,破,2500
3000,点,重点,割肉,抄底,想
砸,汉奸,狗,主力,郭家队
神雾,幻跑,环保,啥时候
停止,融资,前,新低
成就,暴跌,微调
哈哈哈,笑,死,砖家,说,利好,哈哈哈
装,逼
进场,投机,投资,大笑,大笑,大笑,明白,涨能,跌,大笑,跌,少
跳水,癌股,消息,利空
股市,亏了,难,回
明天,一地,鸡毛
横向,震荡,贯穿,七月,预测,6.19,底,6.22,误差,交易日,拐点
老九,谈,股,央,妈准,利,下周,市场,迎接,反弹
早上,进,套,死,一大批
跳水,比赛,尾盘,杀跌,明天,绿油油,每次,利好,逃跑,机会,大盘,直扑,大啸,婴儿,底,2638
杀,估值,系统,风险,释放,完毕
3000,点,得攻,半年,天天,3000,点,大笑,微笑
机器,核心,坏,换掉,机器,核心,部位,技术,搞
十几年,股龄,技术,派,从今天起,跟踪,迷失方向,朋友,稍,做,指引
博,两个,微,赚,指望,卖,最高点,只求,稳定,盈利,昨天,缩量,探底,回升,大跌
两千,点,东西
救,跌
降准,房地产,利好,股市,算,毛
破财消灾,股市,亏,钱,安慰,遗憾
炒股,炒,屁股
股市,先,8000,分,分是,利好,8000,利好,连续,涨停
利好,市场,病入膏肓
水深火热,一角,二角,三角,怪兽,无穷无尽
A股,资金,风险意识,国外,股市,早就,抄底,票,模式,下跌,票,不可告人,退市,熊市,A股,抄底,资金,吃大亏
傻
关注,国家队,护盘,力度
唱,害人者
中国,股市,机构,投资者,任重道远
后悔,股市,没车,没房,存款,一无所有
傻,逼,a,股,长,猛子,砸
股市,一种,修行
黄斌汉,预增,题材,涨停,活跃,板块
互动,快乐,交易,孜然
空头,太,猖狂,明天,小阳
高开低走,下午,暴跌
366,天风言,疯语,想,想,逊,逊,胜利,胜利,困顿,困
居民,存款,两个,月,减少,万亿,中小银行,揽,储,压力,持续,钱,24
股票市场,财富,分配,场所
MSCl,四个,字母,重视,外资,成熟,投资者,中国,学习
16.05,25,30,万美元,一股,市盈率
券商,称,未收,股权,质押,强平,通知,利好
几天,A股,最低点,历史,再也不会,2850,股灾
3000,跨越,鸿沟,2900
汇率,杀猪刀,趋势,吃,瓜,群众
逃命,机会,2400
加大,惩治,上涨,翻红,公司
跳水
做,空,做,空,王道
2786
抽时,瞧,要死,节奏,早,说,拜拜,傲
大盘,跌,2638,信
今晚,法国,秘鲁,这场,比赛,好看
中国,信任,中国,心灵,知己,中国,市场,牛,不远,地方
西红柿,托狗,亚通,股份,唱,20,唱,块,拆穿,拉,黑,抠,脚,大汉,拜
机会,逃,两天,逃命,机会,散们
本周,股评家,看好,个股,来源,上海,证券报,编辑,东方,财富网,点击,查看,个股,研
股民,钱,投,股市,打水漂,大盘,下跌,3000,点
无良,空方,尚,观望,飘点,小红,散,抄底,星期,不明朗,小心
涨,怕怕
除权,懂得,闪崩,跌停,不在意,先知先觉,后知后觉,慢慢
全,扩容,全,除权
受降,准,利好,上证指数,暴涨,点,利害,问,go,利好,白酒,股
在岸,人民币,兑,美元,跌幅,交易日,官方,收盘价,跌近,400,点,报,6.5337
涨,跌,涨,跌,涨,钱
中国,商业模式,注重,制造,产品,价格优势,盈利,美国,商业模式,注重,打造,品牌
大部分,盼望,800,点,大笑,大笑,大笑
中,报,本周,阳,已成定局
高升,低,走,大便,大便,大便,大便,大便,成交,成交,成交,成交
贵州,茅台,2020,年,破,1000,韭菜,买点
回到,2400
散,提个醒,降准,金,月,日前,风险,影响,追进,风险
滴汗
上午,收工,受,央行,定向,降准,消息,刺激,沪,深,两,市,双双,高开,窄幅,震荡,走势,题材
无量,瘦,佛


联网,填权,新星,威星,智能,涨停
茅台,美女,养不起
超过,五天,做梦,想着,反弹,滴汗,月,线,悬崖绝壁,爆
老乡,跑,庄家,吃饱
呲,牙,中午,停电,热,A股,凉快
大盘,k,线,往下走,1200,点,止,稳
一大批,退市,债务,违约,一批,毛子,高高在上,大笑,大笑,大笑,加油
国酒,茅台,肉,吃光,啃骨头
跳,明天,跳,总得,死,里,跳
工业,互联网,扶持,新政,陆续,落地,产业,发展,有望,提速,附股,网络安全,确保,来源,证
利好,利好,茅台,国酒,茅台
极限,反,抽,位置,20,日,线,弱,反,抽,参与
30,W,实盘,操作,记录,天
大盘,涨,底部,确立,加仓
此一时彼一时,老眼光,始终,输家
区,定律,尾盘,红盘,收尾
大癌,股,太假,买,傻
降准,钱,买酒
券商,强平,阻力,警惕,闪崩,质押,概念股,并发症,来源,第一,财经,编辑,东方,财富
韭菜,脾气,全仓,买入
大盘,下跌,一半,1500,点,3700,家大,股东,任然,盈利,股东,下跌,过程,中,抛售,套利
